func,bins,range,mode,ratio,mean_cosine_similarity,std_cosine_similarity,rf_accuracy,rf_f1,svm_accuracy,svm_f1,rf_acc_drop_pct,svm_acc_drop_pct,min_cosine_similarity,median_cosine_similarity,rf_acc_control,svm_acc_control
harmonic,500,14.61,control,0.0,1.0,0.0,0.4569832402234637,0.43634959140805274,0.34804469273743016,0.32359956259321704,0.0,0.0,,,,
harmonic,500,14.61,remove,0.05,0.9216592142623806,0.0720121421516345,0.4474860335195531,0.42084476448232233,0.323463687150838,0.29207345303739063,2.0782396088019595,7.062600321027281,0.24287973710760802,0.9439640782003119,0.4569832402234637,0.34804469273743016
harmonic,500,14.61,remove,0.1,0.8597613230970909,0.0844153402352299,0.4452513966480447,0.4192896240068458,0.32011173184357544,0.28683635931013995,2.567237163814184,8.025682182985545,0.24287973710760802,0.8798436409808978,0.4569832402234637,0.34804469273743016
harmonic,500,14.61,add,0.05,0.8926154355780684,0.09007687364385981,0.43798882681564244,0.41573246478890274,0.32625698324022345,0.3002336072671624,4.156479217603919,6.260032102728734,0.1602619436344998,0.9181033484138059,0.4569832402234637,0.34804469273743016
harmonic,500,14.61,add,0.1,0.8468370154271542,0.10141147071461959,0.4329608938547486,0.410671381491993,0.3167597765363129,0.28407976916117,5.256723716381419,8.98876404494381,0.1602619436344998,0.8726929835440631,0.4569832402234637,0.34804469273743016
polynomial,500,3.48,control,0.0,1.0,0.0,0.4430167597765363,0.4130161337192278,0.3687150837988827,0.3239185853718649,0.0,0.0,,,,
polynomial,500,3.48,remove,0.05,0.9235633668541477,0.09547312888985736,0.44078212290502794,0.40595538029047584,0.37486033519553075,0.34031950180795173,0.504413619167717,-1.6666666666666725,0.17160327285243668,0.9579226487951392,0.4430167597765363,0.3687150837988827
polynomial,500,3.48,remove,0.1,0.8415219504859829,0.1267232297018159,0.4402234636871508,0.40640838474536567,0.3782122905027933,0.34370983177246917,0.6305170239596525,-2.5757575757575806,0.17160327285243668,0.8903291027156073,0.4430167597765363,0.3687150837988827
polynomial,500,3.48,add,0.05,0.9626681967890374,0.04402871853969637,0.4346368715083799,0.40253814326561305,0.37374301675977656,0.32958391599443226,1.8915510718789452,-1.3636363636363695,0.35986374603287324,0.9745815992989547,0.4430167597765363,0.3687150837988827
polynomial,500,3.48,add,0.1,0.9177198737532941,0.05851175969521059,0.4491620111731844,0.4168363333845499,0.3664804469273743,0.31932019852732274,-1.387137452711228,0.6060606060606054,0.35442987568898227,0.9349836460947778,0.4430167597765363,0.3687150837988827
