name,func,bins,range,n_neighbors,embed_time,method,ari,silhouette,harm_bins,harm_range,pol_bins,pol_range,biharm_bins,biharm_range
harmonic_100_15,harmonic,100.0,15.0,10,1538.058244228363,K-Means,0.03483507586220084,0.36481836963143033,,,,,,
harmonic_100_15,harmonic,100.0,15.0,10,1538.058244228363,Spectral,0.02827236139180705,-0.17762331374692583,,,,,,
harmonic_100_15,harmonic,100.0,15.0,20,1538.058244228363,K-Means,0.03483507586220084,0.36481836963143033,,,,,,
harmonic_100_15,harmonic,100.0,15.0,20,1538.058244228363,Spectral,0.03700078047652488,-0.1620523833310277,,,,,,
harmonic_100_15,harmonic,100.0,15.0,30,1538.058244228363,K-Means,0.03483507586220084,0.36481836963143033,,,,,,
harmonic_100_15,harmonic,100.0,15.0,30,1538.058244228363,Spectral,0.049283984779262324,-0.10986553964271438,,,,,,
harmonic_200_15,harmonic,200.0,15.0,10,1330.271588563919,K-Means,0.03390946130279494,0.3470894295584648,,,,,,
harmonic_200_15,harmonic,200.0,15.0,10,1330.271588563919,Spectral,0.04712000913462758,-0.1629099053238716,,,,,,
harmonic_200_15,harmonic,200.0,15.0,20,1330.271588563919,K-Means,0.03390946130279494,0.3470894295584648,,,,,,
harmonic_200_15,harmonic,200.0,15.0,20,1330.271588563919,Spectral,0.04705138165995982,-0.17600571155603753,,,,,,
harmonic_200_15,harmonic,200.0,15.0,30,1330.271588563919,K-Means,0.03390946130279494,0.3470894295584648,,,,,,
harmonic_200_15,harmonic,200.0,15.0,30,1330.271588563919,Spectral,0.04880617788237359,-0.14346672869720986,,,,,,
polynomial_50_3.5,polynomial,50.0,3.5,10,1271.8639664649963,K-Means,0.04252298349887697,0.4674644787319649,,,,,,
polynomial_50_3.5,polynomial,50.0,3.5,10,1271.8639664649963,Spectral,0.06411854593733492,0.19125795550500888,,,,,,
polynomial_50_3.5,polynomial,50.0,3.5,20,1271.8639664649963,K-Means,0.04252298349887697,0.4674644787319649,,,,,,
polynomial_50_3.5,polynomial,50.0,3.5,20,1271.8639664649963,Spectral,0.06181156939584252,0.19906814232422862,,,,,,
polynomial_50_3.5,polynomial,50.0,3.5,30,1271.8639664649963,K-Means,0.04252298349887697,0.4674644787319649,,,,,,
polynomial_50_3.5,polynomial,50.0,3.5,30,1271.8639664649963,Spectral,0.06146368886474612,0.2007934942089117,,,,,,
polynomial_100_3.5,polynomial,100.0,3.5,10,1656.0235872268677,K-Means,0.040995400152570444,0.43235942521742193,,,,,,
polynomial_100_3.5,polynomial,100.0,3.5,10,1656.0235872268677,Spectral,0.05621319891094334,0.05586870504438234,,,,,,
polynomial_100_3.5,polynomial,100.0,3.5,20,1656.0235872268677,K-Means,0.040995400152570444,0.43235942521742193,,,,,,
polynomial_100_3.5,polynomial,100.0,3.5,20,1656.0235872268677,Spectral,0.052927660740272116,0.058024143154542546,,,,,,
polynomial_100_3.5,polynomial,100.0,3.5,30,1656.0235872268677,K-Means,0.040995400152570444,0.43235942521742193,,,,,,
polynomial_100_3.5,polynomial,100.0,3.5,30,1656.0235872268677,Spectral,0.05095375672197466,0.05648428192464454,,,,,,
biharmonic_100_500,biharmonic,100.0,500.0,10,1291.0614352226257,K-Means,0.033548010481920305,0.3450486359980942,,,,,,
biharmonic_100_500,biharmonic,100.0,500.0,10,1291.0614352226257,Spectral,0.037048777518982036,-0.1501701643858067,,,,,,
biharmonic_100_500,biharmonic,100.0,500.0,20,1291.0614352226257,K-Means,0.033548010481920305,0.3450486359980942,,,,,,
biharmonic_100_500,biharmonic,100.0,500.0,20,1291.0614352226257,Spectral,0.04654845661441451,-0.13759955702798715,,,,,,
biharmonic_100_500,biharmonic,100.0,500.0,30,1291.0614352226257,K-Means,0.033548010481920305,0.3450486359980942,,,,,,
biharmonic_100_500,biharmonic,100.0,500.0,30,1291.0614352226257,Spectral,0.04392616255731323,-0.14891570318524608,,,,,,
biharmonic_200_500,biharmonic,200.0,500.0,10,1282.8308734893799,K-Means,0.036286346643322136,0.3419577949218469,,,,,,
biharmonic_200_500,biharmonic,200.0,500.0,10,1282.8308734893799,Spectral,0.03293175264177271,-0.16898178211826537,,,,,,
biharmonic_200_500,biharmonic,200.0,500.0,20,1282.8308734893799,K-Means,0.036286346643322136,0.3419577949218469,,,,,,
biharmonic_200_500,biharmonic,200.0,500.0,20,1282.8308734893799,Spectral,0.04476582083171739,-0.17959103196226256,,,,,,
biharmonic_200_500,biharmonic,200.0,500.0,30,1282.8308734893799,K-Means,0.036286346643322136,0.3419577949218469,,,,,,
biharmonic_200_500,biharmonic,200.0,500.0,30,1282.8308734893799,Spectral,0.043030787214681634,-0.18075577854696198,,,,,,
naive_hybrid_200_15_100_3.5,hybrid,,,10,1614.7672338485718,K-Means,0.036792345618826106,0.3492481586761831,200.0,15.0,100.0,3.5,,
naive_hybrid_200_15_100_3.5,hybrid,,,10,1614.7672338485718,Spectral,0.041080822649833516,-0.22725297884967116,200.0,15.0,100.0,3.5,,
naive_hybrid_200_15_100_3.5,hybrid,,,20,1614.7672338485718,K-Means,0.036792345618826106,0.3492481586761831,200.0,15.0,100.0,3.5,,
naive_hybrid_200_15_100_3.5,hybrid,,,20,1614.7672338485718,Spectral,0.037627589119174326,-0.20192921553623508,200.0,15.0,100.0,3.5,,
naive_hybrid_200_15_100_3.5,hybrid,,,30,1614.7672338485718,K-Means,0.036792345618826106,0.3492481586761831,200.0,15.0,100.0,3.5,,
naive_hybrid_200_15_100_3.5,hybrid,,,30,1614.7672338485718,Spectral,0.04551013570801881,-0.1895730026428312,200.0,15.0,100.0,3.5,,
biharmonic_hybrid_200_500_100_3.5,biharmonic_hybrid,,,10,2673.5334010124207,K-Means,0.036725599359517455,0.32841407437104503,,,100.0,3.5,200.0,500.0
biharmonic_hybrid_200_500_100_3.5,biharmonic_hybrid,,,10,2673.5334010124207,Spectral,0.044120007577784184,-0.12672928652806295,,,100.0,3.5,200.0,500.0
biharmonic_hybrid_200_500_100_3.5,biharmonic_hybrid,,,20,2673.5334010124207,K-Means,0.036725599359517455,0.32841407437104503,,,100.0,3.5,200.0,500.0
biharmonic_hybrid_200_500_100_3.5,biharmonic_hybrid,,,20,2673.5334010124207,Spectral,0.0509035369566402,-0.12179613423306251,,,100.0,3.5,200.0,500.0
biharmonic_hybrid_200_500_100_3.5,biharmonic_hybrid,,,30,2673.5334010124207,K-Means,0.036725599359517455,0.32841407437104503,,,100.0,3.5,200.0,500.0
biharmonic_hybrid_200_500_100_3.5,biharmonic_hybrid,,,30,2673.5334010124207,Spectral,0.051739356920005045,-0.12271902550325033,,,100.0,3.5,200.0,500.0
