config_name,normalization,pca_variance,pca_components,kmeans_n_init,spectral_n_neighbors,spectral_affinity,method,ari,silhouette,umap_ari,umap_silhouette,embed_time,func,bins,range,harm_bins,harm_range,pol_bins,pol_range
harmonic_150_3.52,l2,0.95,51,10,10,nearest_neighbors,K-Means,0.0055170712954836065,0.33454155333721186,0.008360263990422365,0.51499945,2.8140711784362793,harmonic,150.0,3.52,,,,
harmonic_150_3.52,l2,0.95,51,10,10,nearest_neighbors,Spectral,0.008603730611585701,0.19227473180401478,0.007212518155887417,0.1032839,2.8140711784362793,harmonic,150.0,3.52,,,,
harmonic_150_3.52,l2,0.95,51,10,15,nearest_neighbors,K-Means,0.0055170712954836065,0.33454155333721186,0.008360263990422365,0.51499945,2.8140711784362793,harmonic,150.0,3.52,,,,
harmonic_150_3.52,l2,0.95,51,10,15,nearest_neighbors,Spectral,0.008460523229041799,0.2396693031755971,0.0046300327212104786,0.102953255,2.8140711784362793,harmonic,150.0,3.52,,,,
harmonic_150_3.52,l2,0.95,51,10,20,nearest_neighbors,K-Means,0.0055170712954836065,0.33454155333721186,0.008360263990422365,0.51499945,2.8140711784362793,harmonic,150.0,3.52,,,,
harmonic_150_3.52,l2,0.95,51,10,20,nearest_neighbors,Spectral,0.008446113651664245,0.24911005483695917,8.8175378443999e-05,-0.33126107,2.8140711784362793,harmonic,150.0,3.52,,,,
harmonic_150_3.52,l2,0.95,51,50,10,nearest_neighbors,K-Means,0.0055170712954836065,0.33454155333721186,0.007370486778388234,0.50975025,2.8140711784362793,harmonic,150.0,3.52,,,,
harmonic_150_3.52,l2,0.95,51,50,10,nearest_neighbors,Spectral,0.008603730611585701,0.19227473180401478,0.007212518155887417,0.1032839,2.8140711784362793,harmonic,150.0,3.52,,,,
harmonic_150_3.52,l2,0.95,51,50,15,nearest_neighbors,K-Means,0.0055170712954836065,0.33454155333721186,0.007370486778388234,0.50975025,2.8140711784362793,harmonic,150.0,3.52,,,,
harmonic_150_3.52,l2,0.95,51,50,15,nearest_neighbors,Spectral,0.008460523229041799,0.2396693031755971,0.0016279983672005853,-0.19291358,2.8140711784362793,harmonic,150.0,3.52,,,,
harmonic_150_3.52,l2,0.95,51,50,20,nearest_neighbors,K-Means,0.0055170712954836065,0.33454155333721186,0.007370486778388234,0.50975025,2.8140711784362793,harmonic,150.0,3.52,,,,
harmonic_150_3.52,l2,0.95,51,50,20,nearest_neighbors,Spectral,0.008446113651664245,0.24911005483695917,8.8175378443999e-05,-0.33126107,2.8140711784362793,harmonic,150.0,3.52,,,,
harmonic_150_3.52,l2,0.99,75,10,10,nearest_neighbors,K-Means,0.0055170712954836065,0.3243925973759692,0.008360263990422365,0.51499945,2.8140711784362793,harmonic,150.0,3.52,,,,
harmonic_150_3.52,l2,0.99,75,10,10,nearest_neighbors,Spectral,0.000629245641234695,0.060921517729459966,0.007212518155887417,0.1032839,2.8140711784362793,harmonic,150.0,3.52,,,,
harmonic_150_3.52,l2,0.99,75,10,15,nearest_neighbors,K-Means,0.0055170712954836065,0.3243925973759692,0.008360263990422365,0.51499945,2.8140711784362793,harmonic,150.0,3.52,,,,
harmonic_150_3.52,l2,0.99,75,10,15,nearest_neighbors,Spectral,0.006506098089190628,0.21477232601324792,0.011356321540648378,-0.13781777,2.8140711784362793,harmonic,150.0,3.52,,,,
harmonic_150_3.52,l2,0.99,75,10,20,nearest_neighbors,K-Means,0.0055170712954836065,0.3243925973759692,0.008360263990422365,0.51499945,2.8140711784362793,harmonic,150.0,3.52,,,,
harmonic_150_3.52,l2,0.99,75,10,20,nearest_neighbors,Spectral,0.005971082805096997,0.32723107105877774,8.8175378443999e-05,-0.33126107,2.8140711784362793,harmonic,150.0,3.52,,,,
harmonic_150_3.52,l2,0.99,75,50,10,nearest_neighbors,K-Means,0.0055170712954836065,0.3243925973759692,0.007370486778388234,0.50975025,2.8140711784362793,harmonic,150.0,3.52,,,,
harmonic_150_3.52,l2,0.99,75,50,10,nearest_neighbors,Spectral,0.000629245641234695,0.060921517729459966,0.007212518155887417,0.1032839,2.8140711784362793,harmonic,150.0,3.52,,,,
harmonic_150_3.52,l2,0.99,75,50,15,nearest_neighbors,K-Means,0.0055170712954836065,0.3243925973759692,0.007370486778388234,0.50975025,2.8140711784362793,harmonic,150.0,3.52,,,,
harmonic_150_3.52,l2,0.99,75,50,15,nearest_neighbors,Spectral,0.006506098089190628,0.21477232601324792,0.00037781339101650526,0.16430953,2.8140711784362793,harmonic,150.0,3.52,,,,
harmonic_150_3.52,l2,0.99,75,50,20,nearest_neighbors,K-Means,0.0055170712954836065,0.3243925973759692,0.007370486778388234,0.50975025,2.8140711784362793,harmonic,150.0,3.52,,,,
harmonic_150_3.52,l2,0.99,75,50,20,nearest_neighbors,Spectral,0.005971082805096997,0.32723107105877774,8.8175378443999e-05,-0.33126107,2.8140711784362793,harmonic,150.0,3.52,,,,
harmonic_150_3.52,standard,0.95,64,10,10,nearest_neighbors,K-Means,0.0008431125899333917,0.6484786203921937,0.006248764257716505,0.5090195,2.8140711784362793,harmonic,150.0,3.52,,,,
harmonic_150_3.52,standard,0.95,64,10,10,nearest_neighbors,Spectral,0.005745372474584691,-0.06466091148283258,0.001427006686822386,-0.2438248,2.8140711784362793,harmonic,150.0,3.52,,,,
harmonic_150_3.52,standard,0.95,64,10,15,nearest_neighbors,K-Means,0.0008431125899333917,0.6484786203921937,0.006248764257716505,0.5090195,2.8140711784362793,harmonic,150.0,3.52,,,,
harmonic_150_3.52,standard,0.95,64,10,15,nearest_neighbors,Spectral,0.004981478298750313,-0.05376609772547732,0.01704912441791082,0.12072056,2.8140711784362793,harmonic,150.0,3.52,,,,
harmonic_150_3.52,standard,0.95,64,10,20,nearest_neighbors,K-Means,0.0008431125899333917,0.6484786203921937,0.006248764257716505,0.5090195,2.8140711784362793,harmonic,150.0,3.52,,,,
harmonic_150_3.52,standard,0.95,64,10,20,nearest_neighbors,Spectral,0.004030187293062349,0.04192142645324841,0.00029034791894006303,-0.2428997,2.8140711784362793,harmonic,150.0,3.52,,,,
harmonic_150_3.52,standard,0.95,64,50,10,nearest_neighbors,K-Means,0.0009881893777527115,0.6464986436729109,0.006248764257716505,0.5090195,2.8140711784362793,harmonic,150.0,3.52,,,,
harmonic_150_3.52,standard,0.95,64,50,10,nearest_neighbors,Spectral,0.005745372474584691,-0.06466091148283258,0.005201485457909797,-0.10480001,2.8140711784362793,harmonic,150.0,3.52,,,,
harmonic_150_3.52,standard,0.95,64,50,15,nearest_neighbors,K-Means,0.0009881893777527115,0.6464986436729109,0.006248764257716505,0.5090195,2.8140711784362793,harmonic,150.0,3.52,,,,
harmonic_150_3.52,standard,0.95,64,50,15,nearest_neighbors,Spectral,0.004981478298750313,-0.05376609772547732,0.010772047837313862,0.20984219,2.8140711784362793,harmonic,150.0,3.52,,,,
harmonic_150_3.52,standard,0.95,64,50,20,nearest_neighbors,K-Means,0.0009881893777527115,0.6464986436729109,0.006248764257716505,0.5090195,2.8140711784362793,harmonic,150.0,3.52,,,,
harmonic_150_3.52,standard,0.95,64,50,20,nearest_neighbors,Spectral,0.004030187293062349,0.04192142645324841,0.00029034791894006303,-0.2428997,2.8140711784362793,harmonic,150.0,3.52,,,,
harmonic_150_3.52,standard,0.99,78,10,10,nearest_neighbors,K-Means,0.0010016862173258595,0.6608789710452264,0.006248764257716505,0.5090195,2.8140711784362793,harmonic,150.0,3.52,,,,
harmonic_150_3.52,standard,0.99,78,10,10,nearest_neighbors,Spectral,0.005745372474584691,-0.06746127089799098,0.0018439625828185703,-0.22358006,2.8140711784362793,harmonic,150.0,3.52,,,,
harmonic_150_3.52,standard,0.99,78,10,15,nearest_neighbors,K-Means,0.0010016862173258595,0.6608789710452264,0.006248764257716505,0.5090195,2.8140711784362793,harmonic,150.0,3.52,,,,
harmonic_150_3.52,standard,0.99,78,10,15,nearest_neighbors,Spectral,0.004981478298750313,-0.05671035141179669,-0.000596857842504897,-0.0734626,2.8140711784362793,harmonic,150.0,3.52,,,,
harmonic_150_3.52,standard,0.99,78,10,20,nearest_neighbors,K-Means,0.0010016862173258595,0.6608789710452264,0.006248764257716505,0.5090195,2.8140711784362793,harmonic,150.0,3.52,,,,
harmonic_150_3.52,standard,0.99,78,10,20,nearest_neighbors,Spectral,0.008096975360506612,-0.03434810863442401,0.00029034791894006303,-0.2428997,2.8140711784362793,harmonic,150.0,3.52,,,,
harmonic_150_3.52,standard,0.99,78,50,10,nearest_neighbors,K-Means,0.0010152947454867638,0.638872719015903,0.006248764257716505,0.5090195,2.8140711784362793,harmonic,150.0,3.52,,,,
harmonic_150_3.52,standard,0.99,78,50,10,nearest_neighbors,Spectral,0.005745372474584691,-0.06746127089799098,-0.00018452042557206853,-0.23788297,2.8140711784362793,harmonic,150.0,3.52,,,,
harmonic_150_3.52,standard,0.99,78,50,15,nearest_neighbors,K-Means,0.0010152947454867638,0.638872719015903,0.006248764257716505,0.5090195,2.8140711784362793,harmonic,150.0,3.52,,,,
harmonic_150_3.52,standard,0.99,78,50,15,nearest_neighbors,Spectral,0.004981478298750313,-0.05671035141179669,0.0011943201131375846,-0.16984373,2.8140711784362793,harmonic,150.0,3.52,,,,
harmonic_150_3.52,standard,0.99,78,50,20,nearest_neighbors,K-Means,0.0010152947454867638,0.638872719015903,0.006248764257716505,0.5090195,2.8140711784362793,harmonic,150.0,3.52,,,,
harmonic_150_3.52,standard,0.99,78,50,20,nearest_neighbors,Spectral,0.008096975360506612,-0.03434810863442401,0.00029034791894006303,-0.2428997,2.8140711784362793,harmonic,150.0,3.52,,,,
harmonic_150_3.52,none,0.95,64,10,10,nearest_neighbors,K-Means,0.0008431125899333917,0.6484786203190605,0.006248764257716505,0.5090195,2.8140711784362793,harmonic,150.0,3.52,,,,
harmonic_150_3.52,none,0.95,64,10,10,nearest_neighbors,Spectral,0.005745372474584691,-0.06466091247615502,0.010845512246461658,-0.032337613,2.8140711784362793,harmonic,150.0,3.52,,,,
harmonic_150_3.52,none,0.95,64,10,15,nearest_neighbors,K-Means,0.0008431125899333917,0.6484786203190605,0.006248764257716505,0.5090195,2.8140711784362793,harmonic,150.0,3.52,,,,
harmonic_150_3.52,none,0.95,64,10,15,nearest_neighbors,Spectral,0.005229358831680585,-0.05455919900358618,0.0022323513993082298,-0.15653762,2.8140711784362793,harmonic,150.0,3.52,,,,
harmonic_150_3.52,none,0.95,64,10,20,nearest_neighbors,K-Means,0.0008431125899333917,0.6484786203190605,0.006248764257716505,0.5090195,2.8140711784362793,harmonic,150.0,3.52,,,,
harmonic_150_3.52,none,0.95,64,10,20,nearest_neighbors,Spectral,0.004115266004336989,0.04178892943426435,0.00029034791894006303,-0.2428997,2.8140711784362793,harmonic,150.0,3.52,,,,
harmonic_150_3.52,none,0.95,64,50,10,nearest_neighbors,K-Means,0.0009881893777527115,0.6464986435997803,0.006248764257716505,0.5090195,2.8140711784362793,harmonic,150.0,3.52,,,,
harmonic_150_3.52,none,0.95,64,50,10,nearest_neighbors,Spectral,0.005745372474584691,-0.06466091247615502,9.097309023154187e-05,-0.24112073,2.8140711784362793,harmonic,150.0,3.52,,,,
harmonic_150_3.52,none,0.95,64,50,15,nearest_neighbors,K-Means,0.0009881893777527115,0.6464986435997803,0.006248764257716505,0.5090195,2.8140711784362793,harmonic,150.0,3.52,,,,
harmonic_150_3.52,none,0.95,64,50,15,nearest_neighbors,Spectral,0.005229358831680585,-0.05455919900358618,0.0013590093995274005,0.095574535,2.8140711784362793,harmonic,150.0,3.52,,,,
harmonic_150_3.52,none,0.95,64,50,20,nearest_neighbors,K-Means,0.0009881893777527115,0.6464986435997803,0.006248764257716505,0.5090195,2.8140711784362793,harmonic,150.0,3.52,,,,
harmonic_150_3.52,none,0.95,64,50,20,nearest_neighbors,Spectral,0.004115266004336989,0.04178892943426435,0.00029034791894006303,-0.2428997,2.8140711784362793,harmonic,150.0,3.52,,,,
harmonic_150_3.52,none,0.99,78,10,10,nearest_neighbors,K-Means,0.0010016862173258595,0.6608789709796609,0.006248764257716505,0.5090195,2.8140711784362793,harmonic,150.0,3.52,,,,
harmonic_150_3.52,none,0.99,78,10,10,nearest_neighbors,Spectral,0.005745372474584691,-0.06746127183496735,0.00122746992702248,-0.21547693,2.8140711784362793,harmonic,150.0,3.52,,,,
harmonic_150_3.52,none,0.99,78,10,15,nearest_neighbors,K-Means,0.0010016862173258595,0.6608789709796609,0.006248764257716505,0.5090195,2.8140711784362793,harmonic,150.0,3.52,,,,
harmonic_150_3.52,none,0.99,78,10,15,nearest_neighbors,Spectral,0.005203423272895746,-0.055906179723060064,0.002570009714770808,-0.0073966584,2.8140711784362793,harmonic,150.0,3.52,,,,
harmonic_150_3.52,none,0.99,78,10,20,nearest_neighbors,K-Means,0.0010016862173258595,0.6608789709796609,0.006248764257716505,0.5090195,2.8140711784362793,harmonic,150.0,3.52,,,,
harmonic_150_3.52,none,0.99,78,10,20,nearest_neighbors,Spectral,0.011402155092546462,-0.035447709037546765,0.00029034791894006303,-0.2428997,2.8140711784362793,harmonic,150.0,3.52,,,,
harmonic_150_3.52,none,0.99,78,50,10,nearest_neighbors,K-Means,0.0010152947454867638,0.6388727189456066,0.006248764257716505,0.5090195,2.8140711784362793,harmonic,150.0,3.52,,,,
harmonic_150_3.52,none,0.99,78,50,10,nearest_neighbors,Spectral,0.005745372474584691,-0.06746127183496735,0.0059837706711242215,-0.19345628,2.8140711784362793,harmonic,150.0,3.52,,,,
harmonic_150_3.52,none,0.99,78,50,15,nearest_neighbors,K-Means,0.0010152947454867638,0.6388727189456066,0.006248764257716505,0.5090195,2.8140711784362793,harmonic,150.0,3.52,,,,
harmonic_150_3.52,none,0.99,78,50,15,nearest_neighbors,Spectral,0.005203423272895746,-0.055906179723060064,0.021650768302123768,-0.09325357,2.8140711784362793,harmonic,150.0,3.52,,,,
harmonic_150_3.52,none,0.99,78,50,20,nearest_neighbors,K-Means,0.0010152947454867638,0.6388727189456066,0.006248764257716505,0.5090195,2.8140711784362793,harmonic,150.0,3.52,,,,
harmonic_150_3.52,none,0.99,78,50,20,nearest_neighbors,Spectral,0.011402155092546462,-0.035447709037546765,0.00029034791894006303,-0.2428997,2.8140711784362793,harmonic,150.0,3.52,,,,
harmonic_200_3.52,l2,0.95,68,10,10,nearest_neighbors,K-Means,0.00934399650876657,0.3191320515448779,0.012878741586835218,0.54791254,4.233170509338379,harmonic,200.0,3.52,,,,
harmonic_200_3.52,l2,0.95,68,10,10,nearest_neighbors,Spectral,0.007670065166148775,0.22169178999703607,0.002892935196563355,-0.22151554,4.233170509338379,harmonic,200.0,3.52,,,,
harmonic_200_3.52,l2,0.95,68,10,15,nearest_neighbors,K-Means,0.00934399650876657,0.3191320515448779,0.012878741586835218,0.54791254,4.233170509338379,harmonic,200.0,3.52,,,,
harmonic_200_3.52,l2,0.95,68,10,15,nearest_neighbors,Spectral,0.00033320871969221786,0.09193803717730592,0.002017218864427203,-0.02338058,4.233170509338379,harmonic,200.0,3.52,,,,
harmonic_200_3.52,l2,0.95,68,10,20,nearest_neighbors,K-Means,0.00934399650876657,0.3191320515448779,0.012878741586835218,0.54791254,4.233170509338379,harmonic,200.0,3.52,,,,
harmonic_200_3.52,l2,0.95,68,10,20,nearest_neighbors,Spectral,0.006226491411119049,0.3376964939274112,0.00027561479333661735,-0.017978309,4.233170509338379,harmonic,200.0,3.52,,,,
harmonic_200_3.52,l2,0.95,68,50,10,nearest_neighbors,K-Means,0.006182485825709757,0.3380514028194954,0.012878741586835218,0.54791254,4.233170509338379,harmonic,200.0,3.52,,,,
harmonic_200_3.52,l2,0.95,68,50,10,nearest_neighbors,Spectral,0.007670065166148775,0.22169178999703607,0.002892935196563355,-0.22151554,4.233170509338379,harmonic,200.0,3.52,,,,
harmonic_200_3.52,l2,0.95,68,50,15,nearest_neighbors,K-Means,0.006182485825709757,0.3380514028194954,0.012878741586835218,0.54791254,4.233170509338379,harmonic,200.0,3.52,,,,
harmonic_200_3.52,l2,0.95,68,50,15,nearest_neighbors,Spectral,0.00033320871969221786,0.09193803717730592,-6.748150549400927e-05,-0.06779346,4.233170509338379,harmonic,200.0,3.52,,,,
harmonic_200_3.52,l2,0.95,68,50,20,nearest_neighbors,K-Means,0.006182485825709757,0.3380514028194954,0.012878741586835218,0.54791254,4.233170509338379,harmonic,200.0,3.52,,,,
harmonic_200_3.52,l2,0.95,68,50,20,nearest_neighbors,Spectral,0.006226491411119049,0.3376964939274112,0.00027561479333661735,-0.017978309,4.233170509338379,harmonic,200.0,3.52,,,,
harmonic_200_3.52,l2,0.99,98,10,10,nearest_neighbors,K-Means,0.006182485825709757,0.32750672809152714,0.012878741586835218,0.54791254,4.233170509338379,harmonic,200.0,3.52,,,,
harmonic_200_3.52,l2,0.99,98,10,10,nearest_neighbors,Spectral,0.00017183640162877695,0.0731624691108806,0.002892935196563355,-0.22151554,4.233170509338379,harmonic,200.0,3.52,,,,
harmonic_200_3.52,l2,0.99,98,10,15,nearest_neighbors,K-Means,0.006182485825709757,0.32750672809152714,0.012878741586835218,0.54791254,4.233170509338379,harmonic,200.0,3.52,,,,
harmonic_200_3.52,l2,0.99,98,10,15,nearest_neighbors,Spectral,0.006819249996032853,0.22131070024496063,0.0003562717891595097,-0.060728393,4.233170509338379,harmonic,200.0,3.52,,,,
harmonic_200_3.52,l2,0.99,98,10,20,nearest_neighbors,K-Means,0.006182485825709757,0.32750672809152714,0.012878741586835218,0.54791254,4.233170509338379,harmonic,200.0,3.52,,,,
harmonic_200_3.52,l2,0.99,98,10,20,nearest_neighbors,Spectral,0.005907760174593297,0.325579546771193,0.00027561479333661735,-0.017978309,4.233170509338379,harmonic,200.0,3.52,,,,
harmonic_200_3.52,l2,0.99,98,50,10,nearest_neighbors,K-Means,0.006182485825709757,0.32750672809152714,0.012878741586835218,0.54791254,4.233170509338379,harmonic,200.0,3.52,,,,
harmonic_200_3.52,l2,0.99,98,50,10,nearest_neighbors,Spectral,0.00017183640162877695,0.0731624691108806,0.002892935196563355,-0.22151554,4.233170509338379,harmonic,200.0,3.52,,,,
harmonic_200_3.52,l2,0.99,98,50,15,nearest_neighbors,K-Means,0.006182485825709757,0.32750672809152714,0.012878741586835218,0.54791254,4.233170509338379,harmonic,200.0,3.52,,,,
harmonic_200_3.52,l2,0.99,98,50,15,nearest_neighbors,Spectral,0.006819249996032853,0.22131070024496063,0.01391918451997989,0.11619208,4.233170509338379,harmonic,200.0,3.52,,,,
harmonic_200_3.52,l2,0.99,98,50,20,nearest_neighbors,K-Means,0.006182485825709757,0.32750672809152714,0.012878741586835218,0.54791254,4.233170509338379,harmonic,200.0,3.52,,,,
harmonic_200_3.52,l2,0.99,98,50,20,nearest_neighbors,Spectral,0.005907760174593297,0.325579546771193,0.00027561479333661735,-0.017978309,4.233170509338379,harmonic,200.0,3.52,,,,
harmonic_200_3.52,standard,0.95,83,10,10,nearest_neighbors,K-Means,2.1476106201393402e-05,0.8162224920692153,0.012119791747713953,0.5518131,4.233170509338379,harmonic,200.0,3.52,,,,
harmonic_200_3.52,standard,0.95,83,10,10,nearest_neighbors,Spectral,0.00821888793199603,-0.08476354787901648,0.00024137333504299977,-0.041441366,4.233170509338379,harmonic,200.0,3.52,,,,
harmonic_200_3.52,standard,0.95,83,10,15,nearest_neighbors,K-Means,2.1476106201393402e-05,0.8162224920692153,0.012119791747713953,0.5518131,4.233170509338379,harmonic,200.0,3.52,,,,
harmonic_200_3.52,standard,0.95,83,10,15,nearest_neighbors,Spectral,7.192936393076371e-05,0.21827499429382632,0.019609542713700585,-0.056041025,4.233170509338379,harmonic,200.0,3.52,,,,
harmonic_200_3.52,standard,0.95,83,10,20,nearest_neighbors,K-Means,2.1476106201393402e-05,0.8162224920692153,0.012119791747713953,0.5518131,4.233170509338379,harmonic,200.0,3.52,,,,
harmonic_200_3.52,standard,0.95,83,10,20,nearest_neighbors,Spectral,0.006312316222749158,-0.06732740505067512,0.024566044548617647,0.33959073,4.233170509338379,harmonic,200.0,3.52,,,,
harmonic_200_3.52,standard,0.95,83,50,10,nearest_neighbors,K-Means,0.0007914833283244033,0.6650071462383582,0.012119791747713953,0.5518131,4.233170509338379,harmonic,200.0,3.52,,,,
harmonic_200_3.52,standard,0.95,83,50,10,nearest_neighbors,Spectral,0.00821888793199603,-0.08476354787901648,-8.07130805667987e-05,-0.0104939025,4.233170509338379,harmonic,200.0,3.52,,,,
harmonic_200_3.52,standard,0.95,83,50,15,nearest_neighbors,K-Means,0.0007914833283244033,0.6650071462383582,0.012119791747713953,0.5518131,4.233170509338379,harmonic,200.0,3.52,,,,
harmonic_200_3.52,standard,0.95,83,50,15,nearest_neighbors,Spectral,7.192936393076371e-05,0.21827499429382632,0.019609542713700585,-0.056041025,4.233170509338379,harmonic,200.0,3.52,,,,
harmonic_200_3.52,standard,0.95,83,50,20,nearest_neighbors,K-Means,0.0007914833283244033,0.6650071462383582,0.012119791747713953,0.5518131,4.233170509338379,harmonic,200.0,3.52,,,,
harmonic_200_3.52,standard,0.95,83,50,20,nearest_neighbors,Spectral,0.006312316222749158,-0.06732740505067512,0.024566044548617647,0.33959073,4.233170509338379,harmonic,200.0,3.52,,,,
harmonic_200_3.52,standard,0.99,101,10,10,nearest_neighbors,K-Means,0.0008815682441485614,0.6420117988907487,0.012119791747713953,0.5518131,4.233170509338379,harmonic,200.0,3.52,,,,
harmonic_200_3.52,standard,0.99,101,10,10,nearest_neighbors,Spectral,0.0005151531841245262,-0.13757625759369488,0.022904388731604695,-0.027612187,4.233170509338379,harmonic,200.0,3.52,,,,
harmonic_200_3.52,standard,0.99,101,10,15,nearest_neighbors,K-Means,0.0008815682441485614,0.6420117988907487,0.012119791747713953,0.5518131,4.233170509338379,harmonic,200.0,3.52,,,,
harmonic_200_3.52,standard,0.99,101,10,15,nearest_neighbors,Spectral,7.192936393076371e-05,0.21086896041872452,0.019609542713700585,-0.056041025,4.233170509338379,harmonic,200.0,3.52,,,,
harmonic_200_3.52,standard,0.99,101,10,20,nearest_neighbors,K-Means,0.0008815682441485614,0.6420117988907487,0.012119791747713953,0.5518131,4.233170509338379,harmonic,200.0,3.52,,,,
harmonic_200_3.52,standard,0.99,101,10,20,nearest_neighbors,Spectral,0.005970837432116124,-0.0686405314098175,0.024566044548617647,0.33959073,4.233170509338379,harmonic,200.0,3.52,,,,
harmonic_200_3.52,standard,0.99,101,50,10,nearest_neighbors,K-Means,0.000822593790397324,0.6575433142473732,0.012119791747713953,0.5518131,4.233170509338379,harmonic,200.0,3.52,,,,
harmonic_200_3.52,standard,0.99,101,50,10,nearest_neighbors,Spectral,0.0005151531841245262,-0.13757625759369488,-4.551034086918255e-05,-0.2534135,4.233170509338379,harmonic,200.0,3.52,,,,
harmonic_200_3.52,standard,0.99,101,50,15,nearest_neighbors,K-Means,0.000822593790397324,0.6575433142473732,0.012119791747713953,0.5518131,4.233170509338379,harmonic,200.0,3.52,,,,
harmonic_200_3.52,standard,0.99,101,50,15,nearest_neighbors,Spectral,7.192936393076371e-05,0.21086896041872452,0.019609542713700585,-0.056041025,4.233170509338379,harmonic,200.0,3.52,,,,
harmonic_200_3.52,standard,0.99,101,50,20,nearest_neighbors,K-Means,0.000822593790397324,0.6575433142473732,0.012119791747713953,0.5518131,4.233170509338379,harmonic,200.0,3.52,,,,
harmonic_200_3.52,standard,0.99,101,50,20,nearest_neighbors,Spectral,0.005970837432116124,-0.0686405314098175,0.024566044548617647,0.33959073,4.233170509338379,harmonic,200.0,3.52,,,,
harmonic_200_3.52,none,0.95,83,10,10,nearest_neighbors,K-Means,2.1476106201393402e-05,0.8162224920692991,0.012119791747713953,0.5518131,4.233170509338379,harmonic,200.0,3.52,,,,
harmonic_200_3.52,none,0.95,83,10,10,nearest_neighbors,Spectral,0.007121959573345627,-0.08985961781058693,0.016727747723482754,-0.03883185,4.233170509338379,harmonic,200.0,3.52,,,,
harmonic_200_3.52,none,0.95,83,10,15,nearest_neighbors,K-Means,2.1476106201393402e-05,0.8162224920692991,0.012119791747713953,0.5518131,4.233170509338379,harmonic,200.0,3.52,,,,
harmonic_200_3.52,none,0.95,83,10,15,nearest_neighbors,Spectral,7.192936393076371e-05,0.21827499431112593,0.019609542713700585,-0.056041025,4.233170509338379,harmonic,200.0,3.52,,,,
harmonic_200_3.52,none,0.95,83,10,20,nearest_neighbors,K-Means,2.1476106201393402e-05,0.8162224920692991,0.012119791747713953,0.5518131,4.233170509338379,harmonic,200.0,3.52,,,,
harmonic_200_3.52,none,0.95,83,10,20,nearest_neighbors,Spectral,0.006415525662193112,-0.07098073992800036,0.024566044548617647,0.33959073,4.233170509338379,harmonic,200.0,3.52,,,,
harmonic_200_3.52,none,0.95,83,50,10,nearest_neighbors,K-Means,0.0007914833283244033,0.6650071462385155,0.012119791747713953,0.5518131,4.233170509338379,harmonic,200.0,3.52,,,,
harmonic_200_3.52,none,0.95,83,50,10,nearest_neighbors,Spectral,0.007121959573345627,-0.08985961781058693,3.474291736491969e-05,-0.3896106,4.233170509338379,harmonic,200.0,3.52,,,,
harmonic_200_3.52,none,0.95,83,50,15,nearest_neighbors,K-Means,0.0007914833283244033,0.6650071462385155,0.012119791747713953,0.5518131,4.233170509338379,harmonic,200.0,3.52,,,,
harmonic_200_3.52,none,0.95,83,50,15,nearest_neighbors,Spectral,7.192936393076371e-05,0.21827499431112593,0.019609542713700585,-0.056041025,4.233170509338379,harmonic,200.0,3.52,,,,
harmonic_200_3.52,none,0.95,83,50,20,nearest_neighbors,K-Means,0.0007914833283244033,0.6650071462385155,0.012119791747713953,0.5518131,4.233170509338379,harmonic,200.0,3.52,,,,
harmonic_200_3.52,none,0.95,83,50,20,nearest_neighbors,Spectral,0.006415525662193112,-0.07098073992800036,0.024566044548617647,0.33959073,4.233170509338379,harmonic,200.0,3.52,,,,
harmonic_200_3.52,none,0.99,101,10,10,nearest_neighbors,K-Means,0.0008815682441485614,0.6420117988917637,0.012119791747713953,0.5518131,4.233170509338379,harmonic,200.0,3.52,,,,
harmonic_200_3.52,none,0.99,101,10,10,nearest_neighbors,Spectral,-5.828163531567246e-05,0.20934704019754236,0.0003430845518138074,0.009953739,4.233170509338379,harmonic,200.0,3.52,,,,
harmonic_200_3.52,none,0.99,101,10,15,nearest_neighbors,K-Means,0.0008815682441485614,0.6420117988917637,0.012119791747713953,0.5518131,4.233170509338379,harmonic,200.0,3.52,,,,
harmonic_200_3.52,none,0.99,101,10,15,nearest_neighbors,Spectral,7.192936393076371e-05,0.21086896043889064,0.019609542713700585,-0.056041025,4.233170509338379,harmonic,200.0,3.52,,,,
harmonic_200_3.52,none,0.99,101,10,20,nearest_neighbors,K-Means,0.0008815682441485614,0.6420117988917637,0.012119791747713953,0.5518131,4.233170509338379,harmonic,200.0,3.52,,,,
harmonic_200_3.52,none,0.99,101,10,20,nearest_neighbors,Spectral,0.0059665373899360375,-0.07032569602719785,0.024566044548617647,0.33959073,4.233170509338379,harmonic,200.0,3.52,,,,
harmonic_200_3.52,none,0.99,101,50,10,nearest_neighbors,K-Means,0.000822593790397324,0.657543314248318,0.012119791747713953,0.5518131,4.233170509338379,harmonic,200.0,3.52,,,,
harmonic_200_3.52,none,0.99,101,50,10,nearest_neighbors,Spectral,-5.828163531567246e-05,0.20934704019754236,0.005345015737003121,0.1797266,4.233170509338379,harmonic,200.0,3.52,,,,
harmonic_200_3.52,none,0.99,101,50,15,nearest_neighbors,K-Means,0.000822593790397324,0.657543314248318,0.012119791747713953,0.5518131,4.233170509338379,harmonic,200.0,3.52,,,,
harmonic_200_3.52,none,0.99,101,50,15,nearest_neighbors,Spectral,7.192936393076371e-05,0.21086896043889064,0.019609542713700585,-0.056041025,4.233170509338379,harmonic,200.0,3.52,,,,
harmonic_200_3.52,none,0.99,101,50,20,nearest_neighbors,K-Means,0.000822593790397324,0.657543314248318,0.012119791747713953,0.5518131,4.233170509338379,harmonic,200.0,3.52,,,,
harmonic_200_3.52,none,0.99,101,50,20,nearest_neighbors,Spectral,0.0059665373899360375,-0.07032569602719785,0.024566044548617647,0.33959073,4.233170509338379,harmonic,200.0,3.52,,,,
harmonic_100_3.52,l2,0.95,36,10,10,nearest_neighbors,K-Means,0.0058411663654434984,0.34401697773126905,0.023527890195037416,0.48309138,3.423584222793579,harmonic,100.0,3.52,,,,
harmonic_100_3.52,l2,0.95,36,10,10,nearest_neighbors,Spectral,0.010534341291337646,0.23363108022702198,0.014031317203730681,-0.12725271,3.423584222793579,harmonic,100.0,3.52,,,,
harmonic_100_3.52,l2,0.95,36,10,15,nearest_neighbors,K-Means,0.0058411663654434984,0.34401697773126905,0.023527890195037416,0.48309138,3.423584222793579,harmonic,100.0,3.52,,,,
harmonic_100_3.52,l2,0.95,36,10,15,nearest_neighbors,Spectral,0.007740625491496321,0.2515444237907733,0.001816217522243962,-0.15042119,3.423584222793579,harmonic,100.0,3.52,,,,
harmonic_100_3.52,l2,0.95,36,10,20,nearest_neighbors,K-Means,0.0058411663654434984,0.34401697773126905,0.023527890195037416,0.48309138,3.423584222793579,harmonic,100.0,3.52,,,,
harmonic_100_3.52,l2,0.95,36,10,20,nearest_neighbors,Spectral,0.006873974539118522,0.3128674408570569,0.001412577781728321,-0.013649927,3.423584222793579,harmonic,100.0,3.52,,,,
harmonic_100_3.52,l2,0.95,36,50,10,nearest_neighbors,K-Means,0.0058411663654434984,0.34401697773126905,0.023527890195037416,0.48309138,3.423584222793579,harmonic,100.0,3.52,,,,
harmonic_100_3.52,l2,0.95,36,50,10,nearest_neighbors,Spectral,0.010534341291337646,0.23363108022702198,0.014031317203730681,-0.12725271,3.423584222793579,harmonic,100.0,3.52,,,,
harmonic_100_3.52,l2,0.95,36,50,15,nearest_neighbors,K-Means,0.0058411663654434984,0.34401697773126905,0.023527890195037416,0.48309138,3.423584222793579,harmonic,100.0,3.52,,,,
harmonic_100_3.52,l2,0.95,36,50,15,nearest_neighbors,Spectral,0.007740625491496321,0.2515444237907733,0.0070902126625822185,-0.049657054,3.423584222793579,harmonic,100.0,3.52,,,,
harmonic_100_3.52,l2,0.95,36,50,20,nearest_neighbors,K-Means,0.0058411663654434984,0.34401697773126905,0.023527890195037416,0.48309138,3.423584222793579,harmonic,100.0,3.52,,,,
harmonic_100_3.52,l2,0.95,36,50,20,nearest_neighbors,Spectral,0.006873974539118522,0.3128674408570569,0.001412577781728321,-0.013649927,3.423584222793579,harmonic,100.0,3.52,,,,
harmonic_100_3.52,l2,0.99,52,10,10,nearest_neighbors,K-Means,0.0058411663654434984,0.333776656689641,0.023527890195037416,0.48309138,3.423584222793579,harmonic,100.0,3.52,,,,
harmonic_100_3.52,l2,0.99,52,10,10,nearest_neighbors,Spectral,0.008914823096072881,0.23602242385324734,0.014031317203730681,-0.12725271,3.423584222793579,harmonic,100.0,3.52,,,,
harmonic_100_3.52,l2,0.99,52,10,15,nearest_neighbors,K-Means,0.0058411663654434984,0.333776656689641,0.023527890195037416,0.48309138,3.423584222793579,harmonic,100.0,3.52,,,,
harmonic_100_3.52,l2,0.99,52,10,15,nearest_neighbors,Spectral,0.007065522833834076,0.2217991526872869,-0.00017419107511578092,-0.20251787,3.423584222793579,harmonic,100.0,3.52,,,,
harmonic_100_3.52,l2,0.99,52,10,20,nearest_neighbors,K-Means,0.0058411663654434984,0.333776656689641,0.023527890195037416,0.48309138,3.423584222793579,harmonic,100.0,3.52,,,,
harmonic_100_3.52,l2,0.99,52,10,20,nearest_neighbors,Spectral,0.006997649683770313,0.22224742154846747,0.001412577781728321,-0.013649927,3.423584222793579,harmonic,100.0,3.52,,,,
harmonic_100_3.52,l2,0.99,52,50,10,nearest_neighbors,K-Means,0.0058411663654434984,0.333776656689641,0.023527890195037416,0.48309138,3.423584222793579,harmonic,100.0,3.52,,,,
harmonic_100_3.52,l2,0.99,52,50,10,nearest_neighbors,Spectral,0.008914823096072881,0.23602242385324734,0.014031317203730681,-0.12725271,3.423584222793579,harmonic,100.0,3.52,,,,
harmonic_100_3.52,l2,0.99,52,50,15,nearest_neighbors,K-Means,0.0058411663654434984,0.333776656689641,0.023527890195037416,0.48309138,3.423584222793579,harmonic,100.0,3.52,,,,
harmonic_100_3.52,l2,0.99,52,50,15,nearest_neighbors,Spectral,0.007065522833834076,0.2217991526872869,0.0048658911812299276,-0.080602154,3.423584222793579,harmonic,100.0,3.52,,,,
harmonic_100_3.52,l2,0.99,52,50,20,nearest_neighbors,K-Means,0.0058411663654434984,0.333776656689641,0.023527890195037416,0.48309138,3.423584222793579,harmonic,100.0,3.52,,,,
harmonic_100_3.52,l2,0.99,52,50,20,nearest_neighbors,Spectral,0.006997649683770313,0.22224742154846747,0.001412577781728321,-0.013649927,3.423584222793579,harmonic,100.0,3.52,,,,
harmonic_100_3.52,standard,0.95,45,10,10,nearest_neighbors,K-Means,0.0006806364239786476,0.6520899806229683,0.006784747956612784,0.6431225,3.423584222793579,harmonic,100.0,3.52,,,,
harmonic_100_3.52,standard,0.95,45,10,10,nearest_neighbors,Spectral,0.0073975309097366005,-0.0559579422218802,0.0004194453282379964,-0.25340185,3.423584222793579,harmonic,100.0,3.52,,,,
harmonic_100_3.52,standard,0.95,45,10,15,nearest_neighbors,K-Means,0.0006806364239786476,0.6520899806229683,0.006784747956612784,0.6431225,3.423584222793579,harmonic,100.0,3.52,,,,
harmonic_100_3.52,standard,0.95,45,10,15,nearest_neighbors,Spectral,0.0009955765752204001,-0.07452688510880472,0.000958398910557502,-0.0986587,3.423584222793579,harmonic,100.0,3.52,,,,
harmonic_100_3.52,standard,0.95,45,10,20,nearest_neighbors,K-Means,0.0006806364239786476,0.6520899806229683,0.006784747956612784,0.6431225,3.423584222793579,harmonic,100.0,3.52,,,,
harmonic_100_3.52,standard,0.95,45,10,20,nearest_neighbors,Spectral,0.00564309446306227,-0.03287800600185868,0.010280518878820349,0.19800574,3.423584222793579,harmonic,100.0,3.52,,,,
harmonic_100_3.52,standard,0.95,45,50,10,nearest_neighbors,K-Means,0.0006806364239786476,0.6520899806229683,0.006784747956612784,0.6431225,3.423584222793579,harmonic,100.0,3.52,,,,
harmonic_100_3.52,standard,0.95,45,50,10,nearest_neighbors,Spectral,0.0073975309097366005,-0.0559579422218802,0.0004194453282379964,-0.25340185,3.423584222793579,harmonic,100.0,3.52,,,,
harmonic_100_3.52,standard,0.95,45,50,15,nearest_neighbors,K-Means,0.0006806364239786476,0.6520899806229683,0.006784747956612784,0.6431225,3.423584222793579,harmonic,100.0,3.52,,,,
harmonic_100_3.52,standard,0.95,45,50,15,nearest_neighbors,Spectral,0.0009955765752204001,-0.07452688510880472,0.0009107281472039646,-0.16712886,3.423584222793579,harmonic,100.0,3.52,,,,
harmonic_100_3.52,standard,0.95,45,50,20,nearest_neighbors,K-Means,0.0006806364239786476,0.6520899806229683,0.006784747956612784,0.6431225,3.423584222793579,harmonic,100.0,3.52,,,,
harmonic_100_3.52,standard,0.95,45,50,20,nearest_neighbors,Spectral,0.00564309446306227,-0.03287800600185868,0.004333959618849825,-0.042305898,3.423584222793579,harmonic,100.0,3.52,,,,
harmonic_100_3.52,standard,0.99,54,10,10,nearest_neighbors,K-Means,0.0009159657519590919,0.6691509184704776,0.006784747956612784,0.6431225,3.423584222793579,harmonic,100.0,3.52,,,,
harmonic_100_3.52,standard,0.99,54,10,10,nearest_neighbors,Spectral,0.007041311857886113,-0.04005069193872071,0.0004194453282379964,-0.25340185,3.423584222793579,harmonic,100.0,3.52,,,,
harmonic_100_3.52,standard,0.99,54,10,15,nearest_neighbors,K-Means,0.0009159657519590919,0.6691509184704776,0.006784747956612784,0.6431225,3.423584222793579,harmonic,100.0,3.52,,,,
harmonic_100_3.52,standard,0.99,54,10,15,nearest_neighbors,Spectral,0.00728123555892645,-0.05237682970928299,-4.9953643542699864e-05,-0.010389704,3.423584222793579,harmonic,100.0,3.52,,,,
harmonic_100_3.52,standard,0.99,54,10,20,nearest_neighbors,K-Means,0.0009159657519590919,0.6691509184704776,0.006784747956612784,0.6431225,3.423584222793579,harmonic,100.0,3.52,,,,
harmonic_100_3.52,standard,0.99,54,10,20,nearest_neighbors,Spectral,0.006172680992645916,-0.036829786400541624,0.00031057885250434744,-0.07569883,3.423584222793579,harmonic,100.0,3.52,,,,
harmonic_100_3.52,standard,0.99,54,50,10,nearest_neighbors,K-Means,0.0007409352936214306,0.6599175167166496,0.006784747956612784,0.6431225,3.423584222793579,harmonic,100.0,3.52,,,,
harmonic_100_3.52,standard,0.99,54,50,10,nearest_neighbors,Spectral,0.007041311857886113,-0.04005069193872071,0.0004194453282379964,-0.25340185,3.423584222793579,harmonic,100.0,3.52,,,,
harmonic_100_3.52,standard,0.99,54,50,15,nearest_neighbors,K-Means,0.0007409352936214306,0.6599175167166496,0.006784747956612784,0.6431225,3.423584222793579,harmonic,100.0,3.52,,,,
harmonic_100_3.52,standard,0.99,54,50,15,nearest_neighbors,Spectral,0.00728123555892645,-0.05237682970928299,0.004531468589677274,-0.05499644,3.423584222793579,harmonic,100.0,3.52,,,,
harmonic_100_3.52,standard,0.99,54,50,20,nearest_neighbors,K-Means,0.0007409352936214306,0.6599175167166496,0.006784747956612784,0.6431225,3.423584222793579,harmonic,100.0,3.52,,,,
harmonic_100_3.52,standard,0.99,54,50,20,nearest_neighbors,Spectral,0.006172680992645916,-0.036829786400541624,0.0020711773929547616,-0.0066668675,3.423584222793579,harmonic,100.0,3.52,,,,
harmonic_100_3.52,none,0.95,45,10,10,nearest_neighbors,K-Means,0.0006806364239786476,0.6520899805313072,0.006784747956612784,0.6431225,3.423584222793579,harmonic,100.0,3.52,,,,
harmonic_100_3.52,none,0.95,45,10,10,nearest_neighbors,Spectral,0.007472847410621786,-0.058148415032033066,0.0004194453282379964,-0.25340185,3.423584222793579,harmonic,100.0,3.52,,,,
harmonic_100_3.52,none,0.95,45,10,15,nearest_neighbors,K-Means,0.0006806364239786476,0.6520899805313072,0.006784747956612784,0.6431225,3.423584222793579,harmonic,100.0,3.52,,,,
harmonic_100_3.52,none,0.95,45,10,15,nearest_neighbors,Spectral,0.0066879574986781634,-0.05187400213049004,0.001155655653343577,0.019823281,3.423584222793579,harmonic,100.0,3.52,,,,
harmonic_100_3.52,none,0.95,45,10,20,nearest_neighbors,K-Means,0.0006806364239786476,0.6520899805313072,0.006784747956612784,0.6431225,3.423584222793579,harmonic,100.0,3.52,,,,
harmonic_100_3.52,none,0.95,45,10,20,nearest_neighbors,Spectral,0.005956279891968299,-0.034515156329302056,0.011914203655793789,0.058167927,3.423584222793579,harmonic,100.0,3.52,,,,
harmonic_100_3.52,none,0.95,45,50,10,nearest_neighbors,K-Means,0.0006806364239786476,0.6520899805313072,0.006784747956612784,0.6431225,3.423584222793579,harmonic,100.0,3.52,,,,
harmonic_100_3.52,none,0.95,45,50,10,nearest_neighbors,Spectral,0.007472847410621786,-0.058148415032033066,0.0004194453282379964,-0.25340185,3.423584222793579,harmonic,100.0,3.52,,,,
harmonic_100_3.52,none,0.95,45,50,15,nearest_neighbors,K-Means,0.0006806364239786476,0.6520899805313072,0.006784747956612784,0.6431225,3.423584222793579,harmonic,100.0,3.52,,,,
harmonic_100_3.52,none,0.95,45,50,15,nearest_neighbors,Spectral,0.0066879574986781634,-0.05187400213049004,0.001264970708540792,-0.13412198,3.423584222793579,harmonic,100.0,3.52,,,,
harmonic_100_3.52,none,0.95,45,50,20,nearest_neighbors,K-Means,0.0006806364239786476,0.6520899805313072,0.006784747956612784,0.6431225,3.423584222793579,harmonic,100.0,3.52,,,,
harmonic_100_3.52,none,0.95,45,50,20,nearest_neighbors,Spectral,0.005956279891968299,-0.034515156329302056,0.0009859078300846723,-0.03669426,3.423584222793579,harmonic,100.0,3.52,,,,
harmonic_100_3.52,none,0.99,54,10,10,nearest_neighbors,K-Means,0.0009159657519590919,0.6691509183873083,0.006784747956612784,0.6431225,3.423584222793579,harmonic,100.0,3.52,,,,
harmonic_100_3.52,none,0.99,54,10,10,nearest_neighbors,Spectral,0.007041311857886113,-0.04005069329750212,0.0004194453282379964,-0.25340185,3.423584222793579,harmonic,100.0,3.52,,,,
harmonic_100_3.52,none,0.99,54,10,15,nearest_neighbors,K-Means,0.0009159657519590919,0.6691509183873083,0.006784747956612784,0.6431225,3.423584222793579,harmonic,100.0,3.52,,,,
harmonic_100_3.52,none,0.99,54,10,15,nearest_neighbors,Spectral,0.00728123555892645,-0.05237683157518467,-0.0004318585085147181,-0.07269549,3.423584222793579,harmonic,100.0,3.52,,,,
harmonic_100_3.52,none,0.99,54,10,20,nearest_neighbors,K-Means,0.0009159657519590919,0.6691509183873083,0.006784747956612784,0.6431225,3.423584222793579,harmonic,100.0,3.52,,,,
harmonic_100_3.52,none,0.99,54,10,20,nearest_neighbors,Spectral,0.005744467870130145,-0.037051268189752413,0.0020711773929547616,-0.0066668675,3.423584222793579,harmonic,100.0,3.52,,,,
harmonic_100_3.52,none,0.99,54,50,10,nearest_neighbors,K-Means,0.0007409352936214306,0.6599175166316049,0.006784747956612784,0.6431225,3.423584222793579,harmonic,100.0,3.52,,,,
harmonic_100_3.52,none,0.99,54,50,10,nearest_neighbors,Spectral,0.007041311857886113,-0.04005069329750212,0.0004194453282379964,-0.25340185,3.423584222793579,harmonic,100.0,3.52,,,,
harmonic_100_3.52,none,0.99,54,50,15,nearest_neighbors,K-Means,0.0007409352936214306,0.6599175166316049,0.006784747956612784,0.6431225,3.423584222793579,harmonic,100.0,3.52,,,,
harmonic_100_3.52,none,0.99,54,50,15,nearest_neighbors,Spectral,0.00728123555892645,-0.05237683157518467,0.00441328526939778,0.021874655,3.423584222793579,harmonic,100.0,3.52,,,,
harmonic_100_3.52,none,0.99,54,50,20,nearest_neighbors,K-Means,0.0007409352936214306,0.6599175166316049,0.006784747956612784,0.6431225,3.423584222793579,harmonic,100.0,3.52,,,,
harmonic_100_3.52,none,0.99,54,50,20,nearest_neighbors,Spectral,0.005744467870130145,-0.037051268189752413,0.0010488439827051443,0.008695535,3.423584222793579,harmonic,100.0,3.52,,,,
polynomial_200_3.13,l2,0.95,51,10,10,nearest_neighbors,K-Means,0.005907147842286461,0.33640805645884364,0.002225312762875257,0.5415658,8.582113265991211,polynomial,200.0,3.13,,,,
polynomial_200_3.13,l2,0.95,51,10,10,nearest_neighbors,Spectral,0.014088488323641742,0.30173332236644756,0.00012344553414492707,-0.11036912,8.582113265991211,polynomial,200.0,3.13,,,,
polynomial_200_3.13,l2,0.95,51,10,15,nearest_neighbors,K-Means,0.005907147842286461,0.33640805645884364,0.002225312762875257,0.5415658,8.582113265991211,polynomial,200.0,3.13,,,,
polynomial_200_3.13,l2,0.95,51,10,15,nearest_neighbors,Spectral,0.001622690760766985,0.13774786451111198,-0.0001630774514858929,-0.29105848,8.582113265991211,polynomial,200.0,3.13,,,,
polynomial_200_3.13,l2,0.95,51,10,20,nearest_neighbors,K-Means,0.005907147842286461,0.33640805645884364,0.002225312762875257,0.5415658,8.582113265991211,polynomial,200.0,3.13,,,,
polynomial_200_3.13,l2,0.95,51,10,20,nearest_neighbors,Spectral,0.0036065942804702684,0.2944098494575552,0.00016891540348279788,-0.011358655,8.582113265991211,polynomial,200.0,3.13,,,,
polynomial_200_3.13,l2,0.95,51,50,10,nearest_neighbors,K-Means,0.005907147842286461,0.33640805645884364,0.002225312762875257,0.5415658,8.582113265991211,polynomial,200.0,3.13,,,,
polynomial_200_3.13,l2,0.95,51,50,10,nearest_neighbors,Spectral,0.014088488323641742,0.30173332236644756,0.00012344553414492707,-0.11036912,8.582113265991211,polynomial,200.0,3.13,,,,
polynomial_200_3.13,l2,0.95,51,50,15,nearest_neighbors,K-Means,0.005907147842286461,0.33640805645884364,0.002225312762875257,0.5415658,8.582113265991211,polynomial,200.0,3.13,,,,
polynomial_200_3.13,l2,0.95,51,50,15,nearest_neighbors,Spectral,0.001622690760766985,0.13774786451111198,-0.0001630774514858929,-0.29105848,8.582113265991211,polynomial,200.0,3.13,,,,
polynomial_200_3.13,l2,0.95,51,50,20,nearest_neighbors,K-Means,0.005907147842286461,0.33640805645884364,0.002225312762875257,0.5415658,8.582113265991211,polynomial,200.0,3.13,,,,
polynomial_200_3.13,l2,0.95,51,50,20,nearest_neighbors,Spectral,0.0036065942804702684,0.2944098494575552,0.00016891540348279788,-0.011358655,8.582113265991211,polynomial,200.0,3.13,,,,
polynomial_200_3.13,l2,0.99,65,10,10,nearest_neighbors,K-Means,0.005907147842286461,0.32622988878045756,0.002225312762875257,0.5415658,8.582113265991211,polynomial,200.0,3.13,,,,
polynomial_200_3.13,l2,0.99,65,10,10,nearest_neighbors,Spectral,0.004057453412011444,0.1489856932579767,0.00012344553414492707,-0.11036912,8.582113265991211,polynomial,200.0,3.13,,,,
polynomial_200_3.13,l2,0.99,65,10,15,nearest_neighbors,K-Means,0.005907147842286461,0.32622988878045756,0.002225312762875257,0.5415658,8.582113265991211,polynomial,200.0,3.13,,,,
polynomial_200_3.13,l2,0.99,65,10,15,nearest_neighbors,Spectral,0.007274015184295745,0.23689464877666463,-0.0001630774514858929,-0.29105848,8.582113265991211,polynomial,200.0,3.13,,,,
polynomial_200_3.13,l2,0.99,65,10,20,nearest_neighbors,K-Means,0.005907147842286461,0.32622988878045756,0.002225312762875257,0.5415658,8.582113265991211,polynomial,200.0,3.13,,,,
polynomial_200_3.13,l2,0.99,65,10,20,nearest_neighbors,Spectral,0.010633675488423627,0.28425068213858823,0.00016891540348279788,-0.011358655,8.582113265991211,polynomial,200.0,3.13,,,,
polynomial_200_3.13,l2,0.99,65,50,10,nearest_neighbors,K-Means,0.005907147842286461,0.32622988878045756,0.002225312762875257,0.5415658,8.582113265991211,polynomial,200.0,3.13,,,,
polynomial_200_3.13,l2,0.99,65,50,10,nearest_neighbors,Spectral,0.004057453412011444,0.1489856932579767,0.00012344553414492707,-0.11036912,8.582113265991211,polynomial,200.0,3.13,,,,
polynomial_200_3.13,l2,0.99,65,50,15,nearest_neighbors,K-Means,0.005907147842286461,0.32622988878045756,0.002225312762875257,0.5415658,8.582113265991211,polynomial,200.0,3.13,,,,
polynomial_200_3.13,l2,0.99,65,50,15,nearest_neighbors,Spectral,0.007274015184295745,0.23689464877666463,-0.0001630774514858929,-0.29105848,8.582113265991211,polynomial,200.0,3.13,,,,
polynomial_200_3.13,l2,0.99,65,50,20,nearest_neighbors,K-Means,0.005907147842286461,0.32622988878045756,0.002225312762875257,0.5415658,8.582113265991211,polynomial,200.0,3.13,,,,
polynomial_200_3.13,l2,0.99,65,50,20,nearest_neighbors,Spectral,0.010633675488423627,0.28425068213858823,0.00016891540348279788,-0.011358655,8.582113265991211,polynomial,200.0,3.13,,,,
polynomial_200_3.13,standard,0.95,60,10,10,nearest_neighbors,K-Means,0.0008533482774531208,0.550941902978512,0.018052106538566814,0.60143375,8.582113265991211,polynomial,200.0,3.13,,,,
polynomial_200_3.13,standard,0.95,60,10,10,nearest_neighbors,Spectral,-1.3572564585966421e-05,0.3017887849013927,6.346199021885874e-05,-0.040548086,8.582113265991211,polynomial,200.0,3.13,,,,
polynomial_200_3.13,standard,0.95,60,10,15,nearest_neighbors,K-Means,0.0008533482774531208,0.550941902978512,0.018052106538566814,0.60143375,8.582113265991211,polynomial,200.0,3.13,,,,
polynomial_200_3.13,standard,0.95,60,10,15,nearest_neighbors,Spectral,9.036108006273742e-05,0.09790274928760843,0.0013686900650285438,-0.02067911,8.582113265991211,polynomial,200.0,3.13,,,,
polynomial_200_3.13,standard,0.95,60,10,20,nearest_neighbors,K-Means,0.0008533482774531208,0.550941902978512,0.018052106538566814,0.60143375,8.582113265991211,polynomial,200.0,3.13,,,,
polynomial_200_3.13,standard,0.95,60,10,20,nearest_neighbors,Spectral,0.007036958385775826,-0.010308581587911994,0.0004815273349366793,0.14208694,8.582113265991211,polynomial,200.0,3.13,,,,
polynomial_200_3.13,standard,0.95,60,50,10,nearest_neighbors,K-Means,0.0008533482774531208,0.550941902978512,0.018052106538566814,0.60143375,8.582113265991211,polynomial,200.0,3.13,,,,
polynomial_200_3.13,standard,0.95,60,50,10,nearest_neighbors,Spectral,-1.3572564585966421e-05,0.3017887849013927,6.346199021885874e-05,-0.040548086,8.582113265991211,polynomial,200.0,3.13,,,,
polynomial_200_3.13,standard,0.95,60,50,15,nearest_neighbors,K-Means,0.0008533482774531208,0.550941902978512,0.018052106538566814,0.60143375,8.582113265991211,polynomial,200.0,3.13,,,,
polynomial_200_3.13,standard,0.95,60,50,15,nearest_neighbors,Spectral,9.036108006273742e-05,0.09790274928760843,0.0013686900650285438,-0.02067911,8.582113265991211,polynomial,200.0,3.13,,,,
polynomial_200_3.13,standard,0.95,60,50,20,nearest_neighbors,K-Means,0.0008533482774531208,0.550941902978512,0.018052106538566814,0.60143375,8.582113265991211,polynomial,200.0,3.13,,,,
polynomial_200_3.13,standard,0.95,60,50,20,nearest_neighbors,Spectral,0.007036958385775826,-0.010308581587911994,0.0004815273349366793,0.14208694,8.582113265991211,polynomial,200.0,3.13,,,,
polynomial_200_3.13,standard,0.99,69,10,10,nearest_neighbors,K-Means,0.0007227602855767284,0.5062550602064078,0.018052106538566814,0.60143375,8.582113265991211,polynomial,200.0,3.13,,,,
polynomial_200_3.13,standard,0.99,69,10,10,nearest_neighbors,Spectral,-1.4524873488769869e-05,0.296661204712061,6.346199021885874e-05,-0.040548086,8.582113265991211,polynomial,200.0,3.13,,,,
polynomial_200_3.13,standard,0.99,69,10,15,nearest_neighbors,K-Means,0.0007227602855767284,0.5062550602064078,0.018052106538566814,0.60143375,8.582113265991211,polynomial,200.0,3.13,,,,
polynomial_200_3.13,standard,0.99,69,10,15,nearest_neighbors,Spectral,9.036108006273742e-05,0.09331538529634739,0.0013686900650285438,-0.02067911,8.582113265991211,polynomial,200.0,3.13,,,,
polynomial_200_3.13,standard,0.99,69,10,20,nearest_neighbors,K-Means,0.0007227602855767284,0.5062550602064078,0.018052106538566814,0.60143375,8.582113265991211,polynomial,200.0,3.13,,,,
polynomial_200_3.13,standard,0.99,69,10,20,nearest_neighbors,Spectral,0.0012457874869986343,0.16476968006846368,0.0004815273349366793,0.14208694,8.582113265991211,polynomial,200.0,3.13,,,,
polynomial_200_3.13,standard,0.99,69,50,10,nearest_neighbors,K-Means,0.0010425857796440756,0.5269682165846378,0.018052106538566814,0.60143375,8.582113265991211,polynomial,200.0,3.13,,,,
polynomial_200_3.13,standard,0.99,69,50,10,nearest_neighbors,Spectral,-1.4524873488769869e-05,0.296661204712061,6.346199021885874e-05,-0.040548086,8.582113265991211,polynomial,200.0,3.13,,,,
polynomial_200_3.13,standard,0.99,69,50,15,nearest_neighbors,K-Means,0.0010425857796440756,0.5269682165846378,0.018052106538566814,0.60143375,8.582113265991211,polynomial,200.0,3.13,,,,
polynomial_200_3.13,standard,0.99,69,50,15,nearest_neighbors,Spectral,9.036108006273742e-05,0.09331538529634739,0.0013686900650285438,-0.02067911,8.582113265991211,polynomial,200.0,3.13,,,,
polynomial_200_3.13,standard,0.99,69,50,20,nearest_neighbors,K-Means,0.0010425857796440756,0.5269682165846378,0.018052106538566814,0.60143375,8.582113265991211,polynomial,200.0,3.13,,,,
polynomial_200_3.13,standard,0.99,69,50,20,nearest_neighbors,Spectral,0.0012457874869986343,0.16476968006846368,0.0004815273349366793,0.14208694,8.582113265991211,polynomial,200.0,3.13,,,,
polynomial_200_3.13,none,0.95,60,10,10,nearest_neighbors,K-Means,0.0008533482774531208,0.5509419029675561,0.018052106538566814,0.60143375,8.582113265991211,polynomial,200.0,3.13,,,,
polynomial_200_3.13,none,0.95,60,10,10,nearest_neighbors,Spectral,-1.3572564585966421e-05,0.30178878493830114,6.346199021885874e-05,-0.040548086,8.582113265991211,polynomial,200.0,3.13,,,,
polynomial_200_3.13,none,0.95,60,10,15,nearest_neighbors,K-Means,0.0008533482774531208,0.5509419029675561,0.018052106538566814,0.60143375,8.582113265991211,polynomial,200.0,3.13,,,,
polynomial_200_3.13,none,0.95,60,10,15,nearest_neighbors,Spectral,9.036108006273742e-05,0.09790274926405923,0.0013686900650285438,-0.02067911,8.582113265991211,polynomial,200.0,3.13,,,,
polynomial_200_3.13,none,0.95,60,10,20,nearest_neighbors,K-Means,0.0008533482774531208,0.5509419029675561,0.018052106538566814,0.60143375,8.582113265991211,polynomial,200.0,3.13,,,,
polynomial_200_3.13,none,0.95,60,10,20,nearest_neighbors,Spectral,0.0010904916350693197,0.15855256114592922,0.0004815273349366793,0.14208694,8.582113265991211,polynomial,200.0,3.13,,,,
polynomial_200_3.13,none,0.95,60,50,10,nearest_neighbors,K-Means,0.0008533482774531208,0.5509419029675561,0.018052106538566814,0.60143375,8.582113265991211,polynomial,200.0,3.13,,,,
polynomial_200_3.13,none,0.95,60,50,10,nearest_neighbors,Spectral,-1.3572564585966421e-05,0.30178878493830114,6.346199021885874e-05,-0.040548086,8.582113265991211,polynomial,200.0,3.13,,,,
polynomial_200_3.13,none,0.95,60,50,15,nearest_neighbors,K-Means,0.0008533482774531208,0.5509419029675561,0.018052106538566814,0.60143375,8.582113265991211,polynomial,200.0,3.13,,,,
polynomial_200_3.13,none,0.95,60,50,15,nearest_neighbors,Spectral,9.036108006273742e-05,0.09790274926405923,0.0013686900650285438,-0.02067911,8.582113265991211,polynomial,200.0,3.13,,,,
polynomial_200_3.13,none,0.95,60,50,20,nearest_neighbors,K-Means,0.0008533482774531208,0.5509419029675561,0.018052106538566814,0.60143375,8.582113265991211,polynomial,200.0,3.13,,,,
polynomial_200_3.13,none,0.95,60,50,20,nearest_neighbors,Spectral,0.0010904916350693197,0.15855256114592922,0.0004815273349366793,0.14208694,8.582113265991211,polynomial,200.0,3.13,,,,
polynomial_200_3.13,none,0.99,69,10,10,nearest_neighbors,K-Means,0.0007227602855767284,0.5062550601936692,0.018052106538566814,0.60143375,8.582113265991211,polynomial,200.0,3.13,,,,
polynomial_200_3.13,none,0.99,69,10,10,nearest_neighbors,Spectral,-1.4524873488769869e-05,0.2966612047655054,6.346199021885874e-05,-0.040548086,8.582113265991211,polynomial,200.0,3.13,,,,
polynomial_200_3.13,none,0.99,69,10,15,nearest_neighbors,K-Means,0.0007227602855767284,0.5062550601936692,0.018052106538566814,0.60143375,8.582113265991211,polynomial,200.0,3.13,,,,
polynomial_200_3.13,none,0.99,69,10,15,nearest_neighbors,Spectral,9.036108006273742e-05,0.09331538527802981,0.0013686900650285438,-0.02067911,8.582113265991211,polynomial,200.0,3.13,,,,
polynomial_200_3.13,none,0.99,69,10,20,nearest_neighbors,K-Means,0.0007227602855767284,0.5062550601936692,0.018052106538566814,0.60143375,8.582113265991211,polynomial,200.0,3.13,,,,
polynomial_200_3.13,none,0.99,69,10,20,nearest_neighbors,Spectral,0.0012457874869986343,0.16476968004259943,0.0004815273349366793,0.14208694,8.582113265991211,polynomial,200.0,3.13,,,,
polynomial_200_3.13,none,0.99,69,50,10,nearest_neighbors,K-Means,0.0010425857796440756,0.526968216573105,0.018052106538566814,0.60143375,8.582113265991211,polynomial,200.0,3.13,,,,
polynomial_200_3.13,none,0.99,69,50,10,nearest_neighbors,Spectral,-1.4524873488769869e-05,0.2966612047655054,6.346199021885874e-05,-0.040548086,8.582113265991211,polynomial,200.0,3.13,,,,
polynomial_200_3.13,none,0.99,69,50,15,nearest_neighbors,K-Means,0.0010425857796440756,0.526968216573105,0.018052106538566814,0.60143375,8.582113265991211,polynomial,200.0,3.13,,,,
polynomial_200_3.13,none,0.99,69,50,15,nearest_neighbors,Spectral,9.036108006273742e-05,0.09331538527802981,0.0013686900650285438,-0.02067911,8.582113265991211,polynomial,200.0,3.13,,,,
polynomial_200_3.13,none,0.99,69,50,20,nearest_neighbors,K-Means,0.0010425857796440756,0.526968216573105,0.018052106538566814,0.60143375,8.582113265991211,polynomial,200.0,3.13,,,,
polynomial_200_3.13,none,0.99,69,50,20,nearest_neighbors,Spectral,0.0012457874869986343,0.16476968004259943,0.0004815273349366793,0.14208694,8.582113265991211,polynomial,200.0,3.13,,,,
polynomial_150_3.13,l2,0.95,39,10,10,nearest_neighbors,K-Means,0.006221473582578067,0.33838480851885455,0.02176102283080408,0.65553224,3.2558939456939697,polynomial,150.0,3.13,,,,
polynomial_150_3.13,l2,0.95,39,10,10,nearest_neighbors,Spectral,0.006881997464777706,0.21816406646473335,0.0070497197405555,-0.03275785,3.2558939456939697,polynomial,150.0,3.13,,,,
polynomial_150_3.13,l2,0.95,39,10,15,nearest_neighbors,K-Means,0.006221473582578067,0.33838480851885455,0.02176102283080408,0.65553224,3.2558939456939697,polynomial,150.0,3.13,,,,
polynomial_150_3.13,l2,0.95,39,10,15,nearest_neighbors,Spectral,0.005941552791284053,0.2974175427473662,0.008441838812760345,0.08181614,3.2558939456939697,polynomial,150.0,3.13,,,,
polynomial_150_3.13,l2,0.95,39,10,20,nearest_neighbors,K-Means,0.006221473582578067,0.33838480851885455,0.02176102283080408,0.65553224,3.2558939456939697,polynomial,150.0,3.13,,,,
polynomial_150_3.13,l2,0.95,39,10,20,nearest_neighbors,Spectral,0.006014598081823674,0.33432818644425355,0.0008653518164400465,-0.13139482,3.2558939456939697,polynomial,150.0,3.13,,,,
polynomial_150_3.13,l2,0.95,39,50,10,nearest_neighbors,K-Means,0.006221473582578067,0.33838480851885455,0.02176102283080408,0.65553224,3.2558939456939697,polynomial,150.0,3.13,,,,
polynomial_150_3.13,l2,0.95,39,50,10,nearest_neighbors,Spectral,0.006881997464777706,0.21816406646473335,0.0070497197405555,-0.03275785,3.2558939456939697,polynomial,150.0,3.13,,,,
polynomial_150_3.13,l2,0.95,39,50,15,nearest_neighbors,K-Means,0.006221473582578067,0.33838480851885455,0.02176102283080408,0.65553224,3.2558939456939697,polynomial,150.0,3.13,,,,
polynomial_150_3.13,l2,0.95,39,50,15,nearest_neighbors,Spectral,0.006079588230085085,0.3289831087193991,0.008441838812760345,0.08181614,3.2558939456939697,polynomial,150.0,3.13,,,,
polynomial_150_3.13,l2,0.95,39,50,20,nearest_neighbors,K-Means,0.006221473582578067,0.33838480851885455,0.02176102283080408,0.65553224,3.2558939456939697,polynomial,150.0,3.13,,,,
polynomial_150_3.13,l2,0.95,39,50,20,nearest_neighbors,Spectral,0.006014598081823674,0.33432818644425355,0.0008653518164400465,-0.13139482,3.2558939456939697,polynomial,150.0,3.13,,,,
polynomial_150_3.13,l2,0.99,50,10,10,nearest_neighbors,K-Means,0.006221473582578067,0.3281193053265946,0.02176102283080408,0.65553224,3.2558939456939697,polynomial,150.0,3.13,,,,
polynomial_150_3.13,l2,0.99,50,10,10,nearest_neighbors,Spectral,0.003667990187009517,0.26705523150050353,0.0070497197405555,-0.03275785,3.2558939456939697,polynomial,150.0,3.13,,,,
polynomial_150_3.13,l2,0.99,50,10,15,nearest_neighbors,K-Means,0.006221473582578067,0.3281193053265946,0.02176102283080408,0.65553224,3.2558939456939697,polynomial,150.0,3.13,,,,
polynomial_150_3.13,l2,0.99,50,10,15,nearest_neighbors,Spectral,0.006453752107301763,0.3275926865917442,0.008441838812760345,0.08181614,3.2558939456939697,polynomial,150.0,3.13,,,,
polynomial_150_3.13,l2,0.99,50,10,20,nearest_neighbors,K-Means,0.006221473582578067,0.3281193053265946,0.02176102283080408,0.65553224,3.2558939456939697,polynomial,150.0,3.13,,,,
polynomial_150_3.13,l2,0.99,50,10,20,nearest_neighbors,Spectral,0.006014598081823674,0.3242790119085837,0.0008653518164400465,-0.13139482,3.2558939456939697,polynomial,150.0,3.13,,,,
polynomial_150_3.13,l2,0.99,50,50,10,nearest_neighbors,K-Means,0.006221473582578067,0.3281193053265946,0.02176102283080408,0.65553224,3.2558939456939697,polynomial,150.0,3.13,,,,
polynomial_150_3.13,l2,0.99,50,50,10,nearest_neighbors,Spectral,0.006032517527896288,0.29818944418188387,0.0070497197405555,-0.03275785,3.2558939456939697,polynomial,150.0,3.13,,,,
polynomial_150_3.13,l2,0.99,50,50,15,nearest_neighbors,K-Means,0.006221473582578067,0.3281193053265946,0.02176102283080408,0.65553224,3.2558939456939697,polynomial,150.0,3.13,,,,
polynomial_150_3.13,l2,0.99,50,50,15,nearest_neighbors,Spectral,0.006453752107301763,0.3275926865917442,0.008441838812760345,0.08181614,3.2558939456939697,polynomial,150.0,3.13,,,,
polynomial_150_3.13,l2,0.99,50,50,20,nearest_neighbors,K-Means,0.006221473582578067,0.3281193053265946,0.02176102283080408,0.65553224,3.2558939456939697,polynomial,150.0,3.13,,,,
polynomial_150_3.13,l2,0.99,50,50,20,nearest_neighbors,Spectral,0.006014598081823674,0.3242790119085837,0.0008653518164400465,-0.13139482,3.2558939456939697,polynomial,150.0,3.13,,,,
polynomial_150_3.13,standard,0.95,47,10,10,nearest_neighbors,K-Means,0.0009454020659153631,0.5003098265486607,0.0004925989845245112,0.6266649,3.2558939456939697,polynomial,150.0,3.13,,,,
polynomial_150_3.13,standard,0.95,47,10,10,nearest_neighbors,Spectral,0.006544738963211367,-0.030389875833285146,7.740729418102303e-05,-0.23580633,3.2558939456939697,polynomial,150.0,3.13,,,,
polynomial_150_3.13,standard,0.95,47,10,15,nearest_neighbors,K-Means,0.0009454020659153631,0.5003098265486607,0.0004925989845245112,0.6266649,3.2558939456939697,polynomial,150.0,3.13,,,,
polynomial_150_3.13,standard,0.95,47,10,15,nearest_neighbors,Spectral,0.000599025849035939,0.18488194073791597,-0.000482140110672232,-0.08999729,3.2558939456939697,polynomial,150.0,3.13,,,,
polynomial_150_3.13,standard,0.95,47,10,20,nearest_neighbors,K-Means,0.0009454020659153631,0.5003098265486607,0.0004925989845245112,0.6266649,3.2558939456939697,polynomial,150.0,3.13,,,,
polynomial_150_3.13,standard,0.95,47,10,20,nearest_neighbors,Spectral,0.009626014307822811,-0.0018947582999825118,0.004925626252933767,0.20161332,3.2558939456939697,polynomial,150.0,3.13,,,,
polynomial_150_3.13,standard,0.95,47,50,10,nearest_neighbors,K-Means,0.0025653163923713114,0.42680274265311413,0.0004925989845245112,0.6266649,3.2558939456939697,polynomial,150.0,3.13,,,,
polynomial_150_3.13,standard,0.95,47,50,10,nearest_neighbors,Spectral,0.006544738963211367,-0.030389875833285146,7.740729418102303e-05,-0.23580633,3.2558939456939697,polynomial,150.0,3.13,,,,
polynomial_150_3.13,standard,0.95,47,50,15,nearest_neighbors,K-Means,0.0025653163923713114,0.42680274265311413,0.0004925989845245112,0.6266649,3.2558939456939697,polynomial,150.0,3.13,,,,
polynomial_150_3.13,standard,0.95,47,50,15,nearest_neighbors,Spectral,0.000599025849035939,0.18488194073791597,-0.000482140110672232,-0.08999729,3.2558939456939697,polynomial,150.0,3.13,,,,
polynomial_150_3.13,standard,0.95,47,50,20,nearest_neighbors,K-Means,0.0025653163923713114,0.42680274265311413,0.0004925989845245112,0.6266649,3.2558939456939697,polynomial,150.0,3.13,,,,
polynomial_150_3.13,standard,0.95,47,50,20,nearest_neighbors,Spectral,0.009626014307822811,-0.0018947582999825118,0.001251245629331298,-0.14913172,3.2558939456939697,polynomial,150.0,3.13,,,,
polynomial_150_3.13,standard,0.99,53,10,10,nearest_neighbors,K-Means,0.0007480086356133884,0.5002506779704416,0.0004925989845245112,0.6266649,3.2558939456939697,polynomial,150.0,3.13,,,,
polynomial_150_3.13,standard,0.99,53,10,10,nearest_neighbors,Spectral,1.4298767898184978e-05,0.11095276033895915,7.740729418102303e-05,-0.23580633,3.2558939456939697,polynomial,150.0,3.13,,,,
polynomial_150_3.13,standard,0.99,53,10,15,nearest_neighbors,K-Means,0.0007480086356133884,0.5002506779704416,0.0004925989845245112,0.6266649,3.2558939456939697,polynomial,150.0,3.13,,,,
polynomial_150_3.13,standard,0.99,53,10,15,nearest_neighbors,Spectral,3.315584321868073e-05,0.19073665139504173,-0.000482140110672232,-0.08999729,3.2558939456939697,polynomial,150.0,3.13,,,,
polynomial_150_3.13,standard,0.99,53,10,20,nearest_neighbors,K-Means,0.0007480086356133884,0.5002506779704416,0.0004925989845245112,0.6266649,3.2558939456939697,polynomial,150.0,3.13,,,,
polynomial_150_3.13,standard,0.99,53,10,20,nearest_neighbors,Spectral,0.006471747765087314,0.015730190587407496,0.0008653747740680332,0.018228969,3.2558939456939697,polynomial,150.0,3.13,,,,
polynomial_150_3.13,standard,0.99,53,50,10,nearest_neighbors,K-Means,0.0009173544241137724,0.4914284442612386,0.0004925989845245112,0.6266649,3.2558939456939697,polynomial,150.0,3.13,,,,
polynomial_150_3.13,standard,0.99,53,50,10,nearest_neighbors,Spectral,1.4298767898184978e-05,0.11095276033895915,7.740729418102303e-05,-0.23580633,3.2558939456939697,polynomial,150.0,3.13,,,,
polynomial_150_3.13,standard,0.99,53,50,15,nearest_neighbors,K-Means,0.0009173544241137724,0.4914284442612386,0.0004925989845245112,0.6266649,3.2558939456939697,polynomial,150.0,3.13,,,,
polynomial_150_3.13,standard,0.99,53,50,15,nearest_neighbors,Spectral,3.315584321868073e-05,0.19073665139504173,-0.000482140110672232,-0.08999729,3.2558939456939697,polynomial,150.0,3.13,,,,
polynomial_150_3.13,standard,0.99,53,50,20,nearest_neighbors,K-Means,0.0009173544241137724,0.4914284442612386,0.0004925989845245112,0.6266649,3.2558939456939697,polynomial,150.0,3.13,,,,
polynomial_150_3.13,standard,0.99,53,50,20,nearest_neighbors,Spectral,0.006471747765087314,0.015730190587407496,0.004092989515217075,0.067558825,3.2558939456939697,polynomial,150.0,3.13,,,,
polynomial_150_3.13,none,0.95,47,10,10,nearest_neighbors,K-Means,0.0009454020659153631,0.5003098265442986,0.0004925989845245112,0.6266649,3.2558939456939697,polynomial,150.0,3.13,,,,
polynomial_150_3.13,none,0.95,47,10,10,nearest_neighbors,Spectral,0.006544738963211367,-0.03038987583608729,7.740729418102303e-05,-0.23580633,3.2558939456939697,polynomial,150.0,3.13,,,,
polynomial_150_3.13,none,0.95,47,10,15,nearest_neighbors,K-Means,0.0009454020659153631,0.5003098265442986,0.0004925989845245112,0.6266649,3.2558939456939697,polynomial,150.0,3.13,,,,
polynomial_150_3.13,none,0.95,47,10,15,nearest_neighbors,Spectral,0.000599025849035939,0.18488194059688817,-0.000482140110672232,-0.08999729,3.2558939456939697,polynomial,150.0,3.13,,,,
polynomial_150_3.13,none,0.95,47,10,20,nearest_neighbors,K-Means,0.0009454020659153631,0.5003098265442986,0.0004925989845245112,0.6266649,3.2558939456939697,polynomial,150.0,3.13,,,,
polynomial_150_3.13,none,0.95,47,10,20,nearest_neighbors,Spectral,0.009707053236796038,0.007574689666384739,0.000841247589862195,-0.121612094,3.2558939456939697,polynomial,150.0,3.13,,,,
polynomial_150_3.13,none,0.95,47,50,10,nearest_neighbors,K-Means,0.0025653163923713114,0.4268027426478131,0.0004925989845245112,0.6266649,3.2558939456939697,polynomial,150.0,3.13,,,,
polynomial_150_3.13,none,0.95,47,50,10,nearest_neighbors,Spectral,0.006544738963211367,-0.03038987583608729,7.740729418102303e-05,-0.23580633,3.2558939456939697,polynomial,150.0,3.13,,,,
polynomial_150_3.13,none,0.95,47,50,15,nearest_neighbors,K-Means,0.0025653163923713114,0.4268027426478131,0.0004925989845245112,0.6266649,3.2558939456939697,polynomial,150.0,3.13,,,,
polynomial_150_3.13,none,0.95,47,50,15,nearest_neighbors,Spectral,0.000599025849035939,0.18488194059688817,-0.000482140110672232,-0.08999729,3.2558939456939697,polynomial,150.0,3.13,,,,
polynomial_150_3.13,none,0.95,47,50,20,nearest_neighbors,K-Means,0.0025653163923713114,0.4268027426478131,0.0004925989845245112,0.6266649,3.2558939456939697,polynomial,150.0,3.13,,,,
polynomial_150_3.13,none,0.95,47,50,20,nearest_neighbors,Spectral,0.009707053236796038,0.007574689666384739,0.007904102652465179,-0.024567256,3.2558939456939697,polynomial,150.0,3.13,,,,
polynomial_150_3.13,none,0.99,53,10,10,nearest_neighbors,K-Means,0.0007480086356133884,0.5002506779513933,0.0004925989845245112,0.6266649,3.2558939456939697,polynomial,150.0,3.13,,,,
polynomial_150_3.13,none,0.99,53,10,10,nearest_neighbors,Spectral,1.4298767898184978e-05,0.11095276035803207,7.740729418102303e-05,-0.23580633,3.2558939456939697,polynomial,150.0,3.13,,,,
polynomial_150_3.13,none,0.99,53,10,15,nearest_neighbors,K-Means,0.0007480086356133884,0.5002506779513933,0.0004925989845245112,0.6266649,3.2558939456939697,polynomial,150.0,3.13,,,,
polynomial_150_3.13,none,0.99,53,10,15,nearest_neighbors,Spectral,3.315584321868073e-05,0.19073665141271845,-0.000482140110672232,-0.08999729,3.2558939456939697,polynomial,150.0,3.13,,,,
polynomial_150_3.13,none,0.99,53,10,20,nearest_neighbors,K-Means,0.0007480086356133884,0.5002506779513933,0.0004925989845245112,0.6266649,3.2558939456939697,polynomial,150.0,3.13,,,,
polynomial_150_3.13,none,0.99,53,10,20,nearest_neighbors,Spectral,0.006076919471503369,0.017959945297367337,0.00126970668352732,-0.0073202103,3.2558939456939697,polynomial,150.0,3.13,,,,
polynomial_150_3.13,none,0.99,53,50,10,nearest_neighbors,K-Means,0.0009173544241137724,0.4914284442555128,0.0004925989845245112,0.6266649,3.2558939456939697,polynomial,150.0,3.13,,,,
polynomial_150_3.13,none,0.99,53,50,10,nearest_neighbors,Spectral,1.4298767898184978e-05,0.11095276035803207,7.740729418102303e-05,-0.23580633,3.2558939456939697,polynomial,150.0,3.13,,,,
polynomial_150_3.13,none,0.99,53,50,15,nearest_neighbors,K-Means,0.0009173544241137724,0.4914284442555128,0.0004925989845245112,0.6266649,3.2558939456939697,polynomial,150.0,3.13,,,,
polynomial_150_3.13,none,0.99,53,50,15,nearest_neighbors,Spectral,3.315584321868073e-05,0.19073665141271845,-0.000482140110672232,-0.08999729,3.2558939456939697,polynomial,150.0,3.13,,,,
polynomial_150_3.13,none,0.99,53,50,20,nearest_neighbors,K-Means,0.0009173544241137724,0.4914284442555128,0.0004925989845245112,0.6266649,3.2558939456939697,polynomial,150.0,3.13,,,,
polynomial_150_3.13,none,0.99,53,50,20,nearest_neighbors,Spectral,0.006076919471503369,0.017959945297367337,0.013019957693288819,0.25243592,3.2558939456939697,polynomial,150.0,3.13,,,,
polynomial_100_3.13,l2,0.95,27,10,10,nearest_neighbors,K-Means,0.008531407227852783,0.32249999622048253,0.010420818484239374,0.5898182,2.9565258026123047,polynomial,100.0,3.13,,,,
polynomial_100_3.13,l2,0.95,27,10,10,nearest_neighbors,Spectral,0.005517259132289903,0.32693449966075083,0.005966005262323922,-0.16143112,2.9565258026123047,polynomial,100.0,3.13,,,,
polynomial_100_3.13,l2,0.95,27,10,15,nearest_neighbors,K-Means,0.008531407227852783,0.32249999622048253,0.010420818484239374,0.5898182,2.9565258026123047,polynomial,100.0,3.13,,,,
polynomial_100_3.13,l2,0.95,27,10,15,nearest_neighbors,Spectral,0.006206802271278701,0.3388309905318531,7.174922595058179e-05,-0.19481905,2.9565258026123047,polynomial,100.0,3.13,,,,
polynomial_100_3.13,l2,0.95,27,10,20,nearest_neighbors,K-Means,0.008531407227852783,0.32249999622048253,0.010420818484239374,0.5898182,2.9565258026123047,polynomial,100.0,3.13,,,,
polynomial_100_3.13,l2,0.95,27,10,20,nearest_neighbors,Spectral,0.005782877668921707,0.3357961776758143,0.010821665895016068,0.03350431,2.9565258026123047,polynomial,100.0,3.13,,,,
polynomial_100_3.13,l2,0.95,27,50,10,nearest_neighbors,K-Means,0.0056940126340348195,0.3398281822308755,0.010420818484239374,0.5898182,2.9565258026123047,polynomial,100.0,3.13,,,,
polynomial_100_3.13,l2,0.95,27,50,10,nearest_neighbors,Spectral,0.005517259132289903,0.32693449966075083,0.005966005262323922,-0.16143112,2.9565258026123047,polynomial,100.0,3.13,,,,
polynomial_100_3.13,l2,0.95,27,50,15,nearest_neighbors,K-Means,0.0056940126340348195,0.3398281822308755,0.010420818484239374,0.5898182,2.9565258026123047,polynomial,100.0,3.13,,,,
polynomial_100_3.13,l2,0.95,27,50,15,nearest_neighbors,Spectral,0.006206802271278701,0.3388309905318531,0.0014759377191260951,-0.12481141,2.9565258026123047,polynomial,100.0,3.13,,,,
polynomial_100_3.13,l2,0.95,27,50,20,nearest_neighbors,K-Means,0.0056940126340348195,0.3398281822308755,0.010420818484239374,0.5898182,2.9565258026123047,polynomial,100.0,3.13,,,,
polynomial_100_3.13,l2,0.95,27,50,20,nearest_neighbors,Spectral,0.005782877668921707,0.3357961776758143,2.881658953922735e-05,-0.04499019,2.9565258026123047,polynomial,100.0,3.13,,,,
polynomial_100_3.13,l2,0.99,34,10,10,nearest_neighbors,K-Means,0.005222248363630338,0.30890100092833467,0.010420818484239374,0.5898182,2.9565258026123047,polynomial,100.0,3.13,,,,
polynomial_100_3.13,l2,0.99,34,10,10,nearest_neighbors,Spectral,0.0061331440211571065,0.22132591859080541,0.005966005262323922,-0.16143112,2.9565258026123047,polynomial,100.0,3.13,,,,
polynomial_100_3.13,l2,0.99,34,10,15,nearest_neighbors,K-Means,0.005222248363630338,0.30890100092833467,0.010420818484239374,0.5898182,2.9565258026123047,polynomial,100.0,3.13,,,,
polynomial_100_3.13,l2,0.99,34,10,15,nearest_neighbors,Spectral,0.006206802271278701,0.32767231619921944,0.0007848597483786254,0.056099575,2.9565258026123047,polynomial,100.0,3.13,,,,
polynomial_100_3.13,l2,0.99,34,10,20,nearest_neighbors,K-Means,0.005222248363630338,0.30890100092833467,0.010420818484239374,0.5898182,2.9565258026123047,polynomial,100.0,3.13,,,,
polynomial_100_3.13,l2,0.99,34,10,20,nearest_neighbors,Spectral,0.005782877668921707,0.3249018157462781,0.0010577412655275035,0.36287504,2.9565258026123047,polynomial,100.0,3.13,,,,
polynomial_100_3.13,l2,0.99,34,50,10,nearest_neighbors,K-Means,0.0056940126340348195,0.3286899366397228,0.010420818484239374,0.5898182,2.9565258026123047,polynomial,100.0,3.13,,,,
polynomial_100_3.13,l2,0.99,34,50,10,nearest_neighbors,Spectral,0.006037718280048019,0.21860333530912282,0.005966005262323922,-0.16143112,2.9565258026123047,polynomial,100.0,3.13,,,,
polynomial_100_3.13,l2,0.99,34,50,15,nearest_neighbors,K-Means,0.0056940126340348195,0.3286899366397228,0.010420818484239374,0.5898182,2.9565258026123047,polynomial,100.0,3.13,,,,
polynomial_100_3.13,l2,0.99,34,50,15,nearest_neighbors,Spectral,0.006206802271278701,0.32767231619921944,0.00017187330341894742,-0.076670475,2.9565258026123047,polynomial,100.0,3.13,,,,
polynomial_100_3.13,l2,0.99,34,50,20,nearest_neighbors,K-Means,0.0056940126340348195,0.3286899366397228,0.010420818484239374,0.5898182,2.9565258026123047,polynomial,100.0,3.13,,,,
polynomial_100_3.13,l2,0.99,34,50,20,nearest_neighbors,Spectral,0.005782877668921707,0.3249018157462781,0.006835107614276207,0.12766749,2.9565258026123047,polynomial,100.0,3.13,,,,
polynomial_100_3.13,standard,0.95,32,10,10,nearest_neighbors,K-Means,0.002202357850369171,0.4483238428512307,0.005881177504982738,0.49306995,2.9565258026123047,polynomial,100.0,3.13,,,,
polynomial_100_3.13,standard,0.95,32,10,10,nearest_neighbors,Spectral,0.006299477317075952,-0.011834558046844282,0.001075666045261731,-0.19388214,2.9565258026123047,polynomial,100.0,3.13,,,,
polynomial_100_3.13,standard,0.95,32,10,15,nearest_neighbors,K-Means,0.002202357850369171,0.4483238428512307,0.005881177504982738,0.49306995,2.9565258026123047,polynomial,100.0,3.13,,,,
polynomial_100_3.13,standard,0.95,32,10,15,nearest_neighbors,Spectral,0.00708305636791835,0.0001185569486037951,0.0029610078747663196,0.07650615,2.9565258026123047,polynomial,100.0,3.13,,,,
polynomial_100_3.13,standard,0.95,32,10,20,nearest_neighbors,K-Means,0.002202357850369171,0.4483238428512307,0.005881177504982738,0.49306995,2.9565258026123047,polynomial,100.0,3.13,,,,
polynomial_100_3.13,standard,0.95,32,10,20,nearest_neighbors,Spectral,0.007187131670028208,-0.00010399060856751538,0.0006391673157574985,-0.3260872,2.9565258026123047,polynomial,100.0,3.13,,,,
polynomial_100_3.13,standard,0.95,32,50,10,nearest_neighbors,K-Means,0.002395199782147041,0.45964310341163794,0.005881177504982738,0.49306995,2.9565258026123047,polynomial,100.0,3.13,,,,
polynomial_100_3.13,standard,0.95,32,50,10,nearest_neighbors,Spectral,0.006299477317075952,-0.011834558046844282,0.00033531944227671893,-0.21163477,2.9565258026123047,polynomial,100.0,3.13,,,,
polynomial_100_3.13,standard,0.95,32,50,15,nearest_neighbors,K-Means,0.002395199782147041,0.45964310341163794,0.005881177504982738,0.49306995,2.9565258026123047,polynomial,100.0,3.13,,,,
polynomial_100_3.13,standard,0.95,32,50,15,nearest_neighbors,Spectral,0.00708305636791835,0.0001185569486037951,0.0001581388352497467,-0.29888833,2.9565258026123047,polynomial,100.0,3.13,,,,
polynomial_100_3.13,standard,0.95,32,50,20,nearest_neighbors,K-Means,0.002395199782147041,0.45964310341163794,0.005881177504982738,0.49306995,2.9565258026123047,polynomial,100.0,3.13,,,,
polynomial_100_3.13,standard,0.95,32,50,20,nearest_neighbors,Spectral,0.007187131670028208,-0.00010399060856751538,0.0006391673157574985,-0.3260872,2.9565258026123047,polynomial,100.0,3.13,,,,
polynomial_100_3.13,standard,0.99,36,10,10,nearest_neighbors,K-Means,0.0024164084068195603,0.45717743952915907,0.005881177504982738,0.49306995,2.9565258026123047,polynomial,100.0,3.13,,,,
polynomial_100_3.13,standard,0.99,36,10,10,nearest_neighbors,Spectral,3.126711387122828e-05,-0.18790156579105763,0.0007535717456144041,-0.24945824,2.9565258026123047,polynomial,100.0,3.13,,,,
polynomial_100_3.13,standard,0.99,36,10,15,nearest_neighbors,K-Means,0.0024164084068195603,0.45717743952915907,0.005881177504982738,0.49306995,2.9565258026123047,polynomial,100.0,3.13,,,,
polynomial_100_3.13,standard,0.99,36,10,15,nearest_neighbors,Spectral,0.007190587422324145,0.0033684693935986526,0.0001581388352497467,-0.29888833,2.9565258026123047,polynomial,100.0,3.13,,,,
polynomial_100_3.13,standard,0.99,36,10,20,nearest_neighbors,K-Means,0.0024164084068195603,0.45717743952915907,0.005881177504982738,0.49306995,2.9565258026123047,polynomial,100.0,3.13,,,,
polynomial_100_3.13,standard,0.99,36,10,20,nearest_neighbors,Spectral,0.006881454522314064,0.005432361554208688,0.0006391673157574985,-0.3260872,2.9565258026123047,polynomial,100.0,3.13,,,,
polynomial_100_3.13,standard,0.99,36,50,10,nearest_neighbors,K-Means,0.0019257382726939301,0.4529727845683607,0.005881177504982738,0.49306995,2.9565258026123047,polynomial,100.0,3.13,,,,
polynomial_100_3.13,standard,0.99,36,50,10,nearest_neighbors,Spectral,3.126711387122828e-05,-0.18790156579105763,0.00848655586643618,0.029314443,2.9565258026123047,polynomial,100.0,3.13,,,,
polynomial_100_3.13,standard,0.99,36,50,15,nearest_neighbors,K-Means,0.0019257382726939301,0.4529727845683607,0.005881177504982738,0.49306995,2.9565258026123047,polynomial,100.0,3.13,,,,
polynomial_100_3.13,standard,0.99,36,50,15,nearest_neighbors,Spectral,0.007190587422324145,0.0033684693935986526,0.00011757782820316659,-0.14955916,2.9565258026123047,polynomial,100.0,3.13,,,,
polynomial_100_3.13,standard,0.99,36,50,20,nearest_neighbors,K-Means,0.0019257382726939301,0.4529727845683607,0.005881177504982738,0.49306995,2.9565258026123047,polynomial,100.0,3.13,,,,
polynomial_100_3.13,standard,0.99,36,50,20,nearest_neighbors,Spectral,0.006881454522314064,0.005432361554208688,0.0006391673157574985,-0.3260872,2.9565258026123047,polynomial,100.0,3.13,,,,
polynomial_100_3.13,none,0.95,32,10,10,nearest_neighbors,K-Means,0.002202357850369171,0.4483238428251536,0.004816680765537644,0.5551759,2.9565258026123047,polynomial,100.0,3.13,,,,
polynomial_100_3.13,none,0.95,32,10,10,nearest_neighbors,Spectral,0.006299477317075952,-0.011834557845696448,-0.0001247345015476894,-0.09556761,2.9565258026123047,polynomial,100.0,3.13,,,,
polynomial_100_3.13,none,0.95,32,10,15,nearest_neighbors,K-Means,0.002202357850369171,0.4483238428251536,0.004816680765537644,0.5551759,2.9565258026123047,polynomial,100.0,3.13,,,,
polynomial_100_3.13,none,0.95,32,10,15,nearest_neighbors,Spectral,0.0069833524987889676,0.00038491168822482537,-0.0001247345015476894,-0.09556761,2.9565258026123047,polynomial,100.0,3.13,,,,
polynomial_100_3.13,none,0.95,32,10,20,nearest_neighbors,K-Means,0.002202357850369171,0.4483238428251536,0.004816680765537644,0.5551759,2.9565258026123047,polynomial,100.0,3.13,,,,
polynomial_100_3.13,none,0.95,32,10,20,nearest_neighbors,Spectral,0.0069833524987889676,0.00038491168822482537,0.003385571468778165,-0.066512845,2.9565258026123047,polynomial,100.0,3.13,,,,
polynomial_100_3.13,none,0.95,32,50,10,nearest_neighbors,K-Means,0.002395199782147041,0.4596431033845253,0.005538301754957881,0.5533293,2.9565258026123047,polynomial,100.0,3.13,,,,
polynomial_100_3.13,none,0.95,32,50,10,nearest_neighbors,Spectral,0.006299477317075952,-0.011834557845696448,-0.0001247345015476894,-0.09556761,2.9565258026123047,polynomial,100.0,3.13,,,,
polynomial_100_3.13,none,0.95,32,50,15,nearest_neighbors,K-Means,0.002395199782147041,0.4596431033845253,0.005538301754957881,0.5533293,2.9565258026123047,polynomial,100.0,3.13,,,,
polynomial_100_3.13,none,0.95,32,50,15,nearest_neighbors,Spectral,0.0069833524987889676,0.00038491168822482537,-0.0001247345015476894,-0.09556761,2.9565258026123047,polynomial,100.0,3.13,,,,
polynomial_100_3.13,none,0.95,32,50,20,nearest_neighbors,K-Means,0.002395199782147041,0.4596431033845253,0.005538301754957881,0.5533293,2.9565258026123047,polynomial,100.0,3.13,,,,
polynomial_100_3.13,none,0.95,32,50,20,nearest_neighbors,Spectral,0.0069833524987889676,0.00038491168822482537,0.0020677993094973873,0.13049145,2.9565258026123047,polynomial,100.0,3.13,,,,
polynomial_100_3.13,none,0.99,36,10,10,nearest_neighbors,K-Means,0.0024164084068195603,0.4571774395147285,0.004816680765537644,0.5551759,2.9565258026123047,polynomial,100.0,3.13,,,,
polynomial_100_3.13,none,0.99,36,10,10,nearest_neighbors,Spectral,3.126711387122828e-05,-0.18790156582448075,-0.0001247345015476894,-0.09556761,2.9565258026123047,polynomial,100.0,3.13,,,,
polynomial_100_3.13,none,0.99,36,10,15,nearest_neighbors,K-Means,0.0024164084068195603,0.4571774395147285,0.004816680765537644,0.5551759,2.9565258026123047,polynomial,100.0,3.13,,,,
polynomial_100_3.13,none,0.99,36,10,15,nearest_neighbors,Spectral,0.0070356059410582854,0.004757132088398774,-0.0001247345015476894,-0.09556761,2.9565258026123047,polynomial,100.0,3.13,,,,
polynomial_100_3.13,none,0.99,36,10,20,nearest_neighbors,K-Means,0.0024164084068195603,0.4571774395147285,0.004816680765537644,0.5551759,2.9565258026123047,polynomial,100.0,3.13,,,,
polynomial_100_3.13,none,0.99,36,10,20,nearest_neighbors,Spectral,0.008090729860577258,0.007710711888636511,0.005742921032215394,-0.07383471,2.9565258026123047,polynomial,100.0,3.13,,,,
polynomial_100_3.13,none,0.99,36,50,10,nearest_neighbors,K-Means,0.0019257382726939301,0.45297278455075535,0.005538301754957881,0.5533293,2.9565258026123047,polynomial,100.0,3.13,,,,
polynomial_100_3.13,none,0.99,36,50,10,nearest_neighbors,Spectral,3.126711387122828e-05,-0.18790156582448075,-0.0001247345015476894,-0.09556761,2.9565258026123047,polynomial,100.0,3.13,,,,
polynomial_100_3.13,none,0.99,36,50,15,nearest_neighbors,K-Means,0.0019257382726939301,0.45297278455075535,0.005538301754957881,0.5533293,2.9565258026123047,polynomial,100.0,3.13,,,,
polynomial_100_3.13,none,0.99,36,50,15,nearest_neighbors,Spectral,0.0070356059410582854,0.004757132088398774,-0.0001247345015476894,-0.09556761,2.9565258026123047,polynomial,100.0,3.13,,,,
polynomial_100_3.13,none,0.99,36,50,20,nearest_neighbors,K-Means,0.0019257382726939301,0.45297278455075535,0.005538301754957881,0.5533293,2.9565258026123047,polynomial,100.0,3.13,,,,
polynomial_100_3.13,none,0.99,36,50,20,nearest_neighbors,Spectral,0.008090729860577258,0.007710711888636511,0.004329132038012992,0.10664242,2.9565258026123047,polynomial,100.0,3.13,,,,
naive_hybrid_150_3.52_200_3.13,l2,0.95,84,10,10,nearest_neighbors,K-Means,0.006129534839320509,0.33712729642394507,0.01134676666339585,0.5737084,4.700188398361206,hybrid,,,150.0,3.52,200.0,3.13
naive_hybrid_150_3.52_200_3.13,l2,0.95,84,10,10,nearest_neighbors,Spectral,0.001887260466552062,0.1344276959929373,0.006849387425712492,0.045290943,4.700188398361206,hybrid,,,150.0,3.52,200.0,3.13
naive_hybrid_150_3.52_200_3.13,l2,0.95,84,10,15,nearest_neighbors,K-Means,0.006129534839320509,0.33712729642394507,0.01134676666339585,0.5737084,4.700188398361206,hybrid,,,150.0,3.52,200.0,3.13
naive_hybrid_150_3.52_200_3.13,l2,0.95,84,10,15,nearest_neighbors,Spectral,0.0006657074433447439,0.09027311675772674,0.00015902273166345913,-0.21151316,4.700188398361206,hybrid,,,150.0,3.52,200.0,3.13
naive_hybrid_150_3.52_200_3.13,l2,0.95,84,10,20,nearest_neighbors,K-Means,0.006129534839320509,0.33712729642394507,0.01134676666339585,0.5737084,4.700188398361206,hybrid,,,150.0,3.52,200.0,3.13
naive_hybrid_150_3.52_200_3.13,l2,0.95,84,10,20,nearest_neighbors,Spectral,0.003980635773791107,0.23988660523109664,0.00027773419700505053,-0.07480346,4.700188398361206,hybrid,,,150.0,3.52,200.0,3.13
naive_hybrid_150_3.52_200_3.13,l2,0.95,84,50,10,nearest_neighbors,K-Means,0.006129534839320509,0.33712729642394507,0.01134676666339585,0.5737084,4.700188398361206,hybrid,,,150.0,3.52,200.0,3.13
naive_hybrid_150_3.52_200_3.13,l2,0.95,84,50,10,nearest_neighbors,Spectral,0.011171417700541773,0.26330748661139797,-0.00012251790689707834,-0.1811411,4.700188398361206,hybrid,,,150.0,3.52,200.0,3.13
naive_hybrid_150_3.52_200_3.13,l2,0.95,84,50,15,nearest_neighbors,K-Means,0.006129534839320509,0.33712729642394507,0.01134676666339585,0.5737084,4.700188398361206,hybrid,,,150.0,3.52,200.0,3.13
naive_hybrid_150_3.52_200_3.13,l2,0.95,84,50,15,nearest_neighbors,Spectral,0.0047061938147018815,0.20653727541813593,0.00030303629850122,-0.027391896,4.700188398361206,hybrid,,,150.0,3.52,200.0,3.13
naive_hybrid_150_3.52_200_3.13,l2,0.95,84,50,20,nearest_neighbors,K-Means,0.006129534839320509,0.33712729642394507,0.01134676666339585,0.5737084,4.700188398361206,hybrid,,,150.0,3.52,200.0,3.13
naive_hybrid_150_3.52_200_3.13,l2,0.95,84,50,20,nearest_neighbors,Spectral,0.003980635773791107,0.23988660523109664,0.00027773419700505053,-0.07480346,4.700188398361206,hybrid,,,150.0,3.52,200.0,3.13
naive_hybrid_150_3.52_200_3.13,l2,0.99,123,10,10,nearest_neighbors,K-Means,0.006129534839320509,0.32655518263361877,0.01134676666339585,0.5737084,4.700188398361206,hybrid,,,150.0,3.52,200.0,3.13
naive_hybrid_150_3.52_200_3.13,l2,0.99,123,10,10,nearest_neighbors,Spectral,0.000653643580285176,0.15545620319878956,0.001738072520137444,-0.16821386,4.700188398361206,hybrid,,,150.0,3.52,200.0,3.13
naive_hybrid_150_3.52_200_3.13,l2,0.99,123,10,15,nearest_neighbors,K-Means,0.006129534839320509,0.32655518263361877,0.01134676666339585,0.5737084,4.700188398361206,hybrid,,,150.0,3.52,200.0,3.13
naive_hybrid_150_3.52_200_3.13,l2,0.99,123,10,15,nearest_neighbors,Spectral,0.006173396862765011,0.3262466856716893,0.0028850717917163547,-0.27393878,4.700188398361206,hybrid,,,150.0,3.52,200.0,3.13
naive_hybrid_150_3.52_200_3.13,l2,0.99,123,10,20,nearest_neighbors,K-Means,0.006129534839320509,0.32655518263361877,0.01134676666339585,0.5737084,4.700188398361206,hybrid,,,150.0,3.52,200.0,3.13
naive_hybrid_150_3.52_200_3.13,l2,0.99,123,10,20,nearest_neighbors,Spectral,0.005765687602898901,0.321311361334463,0.00027773419700505053,-0.07480346,4.700188398361206,hybrid,,,150.0,3.52,200.0,3.13
naive_hybrid_150_3.52_200_3.13,l2,0.99,123,50,10,nearest_neighbors,K-Means,0.006129534839320509,0.32655518263361877,0.01134676666339585,0.5737084,4.700188398361206,hybrid,,,150.0,3.52,200.0,3.13
naive_hybrid_150_3.52_200_3.13,l2,0.99,123,50,10,nearest_neighbors,Spectral,0.000653643580285176,0.15545620319878956,0.0008450341582234161,-0.13970667,4.700188398361206,hybrid,,,150.0,3.52,200.0,3.13
naive_hybrid_150_3.52_200_3.13,l2,0.99,123,50,15,nearest_neighbors,K-Means,0.006129534839320509,0.32655518263361877,0.01134676666339585,0.5737084,4.700188398361206,hybrid,,,150.0,3.52,200.0,3.13
naive_hybrid_150_3.52_200_3.13,l2,0.99,123,50,15,nearest_neighbors,Spectral,0.006173396862765011,0.3262466856716893,0.0003713157031377231,-0.08362519,4.700188398361206,hybrid,,,150.0,3.52,200.0,3.13
naive_hybrid_150_3.52_200_3.13,l2,0.99,123,50,20,nearest_neighbors,K-Means,0.006129534839320509,0.32655518263361877,0.01134676666339585,0.5737084,4.700188398361206,hybrid,,,150.0,3.52,200.0,3.13
naive_hybrid_150_3.52_200_3.13,l2,0.99,123,50,20,nearest_neighbors,Spectral,0.005765687602898901,0.321311361334463,0.00027773419700505053,-0.07480346,4.700188398361206,hybrid,,,150.0,3.52,200.0,3.13
naive_hybrid_150_3.52_200_3.13,standard,0.95,104,10,10,nearest_neighbors,K-Means,0.0008291341144847394,0.5736407953206736,0.02325930010868164,0.56270087,4.700188398361206,hybrid,,,150.0,3.52,200.0,3.13
naive_hybrid_150_3.52_200_3.13,standard,0.95,104,10,10,nearest_neighbors,Spectral,2.7748915011740516e-06,0.08319830704679221,-8.317446055105936e-06,-0.13328539,4.700188398361206,hybrid,,,150.0,3.52,200.0,3.13
naive_hybrid_150_3.52_200_3.13,standard,0.95,104,10,15,nearest_neighbors,K-Means,0.0008291341144847394,0.5736407953206736,0.02325930010868164,0.56270087,4.700188398361206,hybrid,,,150.0,3.52,200.0,3.13
naive_hybrid_150_3.52_200_3.13,standard,0.95,104,10,15,nearest_neighbors,Spectral,8.387207182958418e-05,-0.04006407833328986,0.0018951912598585503,-0.16865382,4.700188398361206,hybrid,,,150.0,3.52,200.0,3.13
naive_hybrid_150_3.52_200_3.13,standard,0.95,104,10,20,nearest_neighbors,K-Means,0.0008291341144847394,0.5736407953206736,0.02325930010868164,0.56270087,4.700188398361206,hybrid,,,150.0,3.52,200.0,3.13
naive_hybrid_150_3.52_200_3.13,standard,0.95,104,10,20,nearest_neighbors,Spectral,0.018995077856297372,0.07782960373240434,0.009006362973329837,0.094930306,4.700188398361206,hybrid,,,150.0,3.52,200.0,3.13
naive_hybrid_150_3.52_200_3.13,standard,0.95,104,50,10,nearest_neighbors,K-Means,0.0008291341144847394,0.5736407953206736,0.02325930010868164,0.56270087,4.700188398361206,hybrid,,,150.0,3.52,200.0,3.13
naive_hybrid_150_3.52_200_3.13,standard,0.95,104,50,10,nearest_neighbors,Spectral,2.7748915011740516e-06,0.08319830704679221,-8.317446055105936e-06,-0.13328539,4.700188398361206,hybrid,,,150.0,3.52,200.0,3.13
naive_hybrid_150_3.52_200_3.13,standard,0.95,104,50,15,nearest_neighbors,K-Means,0.0008291341144847394,0.5736407953206736,0.02325930010868164,0.56270087,4.700188398361206,hybrid,,,150.0,3.52,200.0,3.13
naive_hybrid_150_3.52_200_3.13,standard,0.95,104,50,15,nearest_neighbors,Spectral,8.387207182958418e-05,-0.04006407833328986,0.0018951912598585503,-0.16865382,4.700188398361206,hybrid,,,150.0,3.52,200.0,3.13
naive_hybrid_150_3.52_200_3.13,standard,0.95,104,50,20,nearest_neighbors,K-Means,0.0008291341144847394,0.5736407953206736,0.02325930010868164,0.56270087,4.700188398361206,hybrid,,,150.0,3.52,200.0,3.13
naive_hybrid_150_3.52_200_3.13,standard,0.95,104,50,20,nearest_neighbors,Spectral,0.018995077856297372,0.07782960373240434,0.009006362973329837,0.094930306,4.700188398361206,hybrid,,,150.0,3.52,200.0,3.13
naive_hybrid_150_3.52_200_3.13,standard,0.99,130,10,10,nearest_neighbors,K-Means,0.0006509067103186133,0.5835407249096506,0.02325930010868164,0.56270087,4.700188398361206,hybrid,,,150.0,3.52,200.0,3.13
naive_hybrid_150_3.52_200_3.13,standard,0.99,130,10,10,nearest_neighbors,Spectral,-1.4524873488769869e-05,0.11710269093301988,-8.317446055105936e-06,-0.13328539,4.700188398361206,hybrid,,,150.0,3.52,200.0,3.13
naive_hybrid_150_3.52_200_3.13,standard,0.99,130,10,15,nearest_neighbors,K-Means,0.0006509067103186133,0.5835407249096506,0.02325930010868164,0.56270087,4.700188398361206,hybrid,,,150.0,3.52,200.0,3.13
naive_hybrid_150_3.52_200_3.13,standard,0.99,130,10,15,nearest_neighbors,Spectral,0.0008233809555828594,0.006901072333568282,0.0018951912598585503,-0.16865382,4.700188398361206,hybrid,,,150.0,3.52,200.0,3.13
naive_hybrid_150_3.52_200_3.13,standard,0.99,130,10,20,nearest_neighbors,K-Means,0.0006509067103186133,0.5835407249096506,0.02325930010868164,0.56270087,4.700188398361206,hybrid,,,150.0,3.52,200.0,3.13
naive_hybrid_150_3.52_200_3.13,standard,0.99,130,10,20,nearest_neighbors,Spectral,0.019886946865011128,0.0762004370580811,0.009006362973329837,0.094930306,4.700188398361206,hybrid,,,150.0,3.52,200.0,3.13
naive_hybrid_150_3.52_200_3.13,standard,0.99,130,50,10,nearest_neighbors,K-Means,0.0006915000595655041,0.575077274384524,0.02325930010868164,0.56270087,4.700188398361206,hybrid,,,150.0,3.52,200.0,3.13
naive_hybrid_150_3.52_200_3.13,standard,0.99,130,50,10,nearest_neighbors,Spectral,-1.4524873488769869e-05,0.11710269093301988,-8.317446055105936e-06,-0.13328539,4.700188398361206,hybrid,,,150.0,3.52,200.0,3.13
naive_hybrid_150_3.52_200_3.13,standard,0.99,130,50,15,nearest_neighbors,K-Means,0.0006915000595655041,0.575077274384524,0.02325930010868164,0.56270087,4.700188398361206,hybrid,,,150.0,3.52,200.0,3.13
naive_hybrid_150_3.52_200_3.13,standard,0.99,130,50,15,nearest_neighbors,Spectral,0.0008233809555828594,0.006901072333568282,0.0018951912598585503,-0.16865382,4.700188398361206,hybrid,,,150.0,3.52,200.0,3.13
naive_hybrid_150_3.52_200_3.13,standard,0.99,130,50,20,nearest_neighbors,K-Means,0.0006915000595655041,0.575077274384524,0.02325930010868164,0.56270087,4.700188398361206,hybrid,,,150.0,3.52,200.0,3.13
naive_hybrid_150_3.52_200_3.13,standard,0.99,130,50,20,nearest_neighbors,Spectral,0.019886946865011128,0.0762004370580811,0.009006362973329837,0.094930306,4.700188398361206,hybrid,,,150.0,3.52,200.0,3.13
naive_hybrid_150_3.52_200_3.13,none,0.95,104,10,10,nearest_neighbors,K-Means,0.0008291341144847394,0.5736407953252003,0.02325930010868164,0.56270087,4.700188398361206,hybrid,,,150.0,3.52,200.0,3.13
naive_hybrid_150_3.52_200_3.13,none,0.95,104,10,10,nearest_neighbors,Spectral,-8.551830478065066e-05,0.06489778710354498,-8.317446055105936e-06,-0.13328539,4.700188398361206,hybrid,,,150.0,3.52,200.0,3.13
naive_hybrid_150_3.52_200_3.13,none,0.95,104,10,15,nearest_neighbors,K-Means,0.0008291341144847394,0.5736407953252003,0.02325930010868164,0.56270087,4.700188398361206,hybrid,,,150.0,3.52,200.0,3.13
naive_hybrid_150_3.52_200_3.13,none,0.95,104,10,15,nearest_neighbors,Spectral,8.387207182958418e-05,-0.040064078302588284,0.0018951912598585503,-0.16865382,4.700188398361206,hybrid,,,150.0,3.52,200.0,3.13
naive_hybrid_150_3.52_200_3.13,none,0.95,104,10,20,nearest_neighbors,K-Means,0.0008291341144847394,0.5736407953252003,0.02325930010868164,0.56270087,4.700188398361206,hybrid,,,150.0,3.52,200.0,3.13
naive_hybrid_150_3.52_200_3.13,none,0.95,104,10,20,nearest_neighbors,Spectral,0.018934595160363856,0.08070028040469548,0.009006362973329837,0.094930306,4.700188398361206,hybrid,,,150.0,3.52,200.0,3.13
naive_hybrid_150_3.52_200_3.13,none,0.95,104,50,10,nearest_neighbors,K-Means,0.0008291341144847394,0.5736407953252003,0.02325930010868164,0.56270087,4.700188398361206,hybrid,,,150.0,3.52,200.0,3.13
naive_hybrid_150_3.52_200_3.13,none,0.95,104,50,10,nearest_neighbors,Spectral,-8.551830478065066e-05,0.06489778710354498,-8.317446055105936e-06,-0.13328539,4.700188398361206,hybrid,,,150.0,3.52,200.0,3.13
naive_hybrid_150_3.52_200_3.13,none,0.95,104,50,15,nearest_neighbors,K-Means,0.0008291341144847394,0.5736407953252003,0.02325930010868164,0.56270087,4.700188398361206,hybrid,,,150.0,3.52,200.0,3.13
naive_hybrid_150_3.52_200_3.13,none,0.95,104,50,15,nearest_neighbors,Spectral,8.387207182958418e-05,-0.040064078302588284,0.0018951912598585503,-0.16865382,4.700188398361206,hybrid,,,150.0,3.52,200.0,3.13
naive_hybrid_150_3.52_200_3.13,none,0.95,104,50,20,nearest_neighbors,K-Means,0.0008291341144847394,0.5736407953252003,0.02325930010868164,0.56270087,4.700188398361206,hybrid,,,150.0,3.52,200.0,3.13
naive_hybrid_150_3.52_200_3.13,none,0.95,104,50,20,nearest_neighbors,Spectral,0.018934595160363856,0.08070028040469548,0.009006362973329837,0.094930306,4.700188398361206,hybrid,,,150.0,3.52,200.0,3.13
naive_hybrid_150_3.52_200_3.13,none,0.99,130,10,10,nearest_neighbors,K-Means,0.0006509067103186133,0.5835407249207705,0.02325930010868164,0.56270087,4.700188398361206,hybrid,,,150.0,3.52,200.0,3.13
naive_hybrid_150_3.52_200_3.13,none,0.99,130,10,10,nearest_neighbors,Spectral,-1.4524873488769869e-05,0.11710269094492777,-8.317446055105936e-06,-0.13328539,4.700188398361206,hybrid,,,150.0,3.52,200.0,3.13
naive_hybrid_150_3.52_200_3.13,none,0.99,130,10,15,nearest_neighbors,K-Means,0.0006509067103186133,0.5835407249207705,0.02325930010868164,0.56270087,4.700188398361206,hybrid,,,150.0,3.52,200.0,3.13
naive_hybrid_150_3.52_200_3.13,none,0.99,130,10,15,nearest_neighbors,Spectral,0.0008233809555828594,0.006901072360124486,0.0018951912598585503,-0.16865382,4.700188398361206,hybrid,,,150.0,3.52,200.0,3.13
naive_hybrid_150_3.52_200_3.13,none,0.99,130,10,20,nearest_neighbors,K-Means,0.0006509067103186133,0.5835407249207705,0.02325930010868164,0.56270087,4.700188398361206,hybrid,,,150.0,3.52,200.0,3.13
naive_hybrid_150_3.52_200_3.13,none,0.99,130,10,20,nearest_neighbors,Spectral,0.04390534396515189,0.09055332839204694,0.009006362973329837,0.094930306,4.700188398361206,hybrid,,,150.0,3.52,200.0,3.13
naive_hybrid_150_3.52_200_3.13,none,0.99,130,50,10,nearest_neighbors,K-Means,0.0006915000595655041,0.5750772743959519,0.02325930010868164,0.56270087,4.700188398361206,hybrid,,,150.0,3.52,200.0,3.13
naive_hybrid_150_3.52_200_3.13,none,0.99,130,50,10,nearest_neighbors,Spectral,-1.4524873488769869e-05,0.11710269094492777,-8.317446055105936e-06,-0.13328539,4.700188398361206,hybrid,,,150.0,3.52,200.0,3.13
naive_hybrid_150_3.52_200_3.13,none,0.99,130,50,15,nearest_neighbors,K-Means,0.0006915000595655041,0.5750772743959519,0.02325930010868164,0.56270087,4.700188398361206,hybrid,,,150.0,3.52,200.0,3.13
naive_hybrid_150_3.52_200_3.13,none,0.99,130,50,15,nearest_neighbors,Spectral,0.0008233809555828594,0.006901072360124486,0.0018951912598585503,-0.16865382,4.700188398361206,hybrid,,,150.0,3.52,200.0,3.13
naive_hybrid_150_3.52_200_3.13,none,0.99,130,50,20,nearest_neighbors,K-Means,0.0006915000595655041,0.5750772743959519,0.02325930010868164,0.56270087,4.700188398361206,hybrid,,,150.0,3.52,200.0,3.13
naive_hybrid_150_3.52_200_3.13,none,0.99,130,50,20,nearest_neighbors,Spectral,0.04390534396515189,0.09055332839204694,0.009006362973329837,0.094930306,4.700188398361206,hybrid,,,150.0,3.52,200.0,3.13
