umap_x,umap_y,true_label,kmeans_label,spectral_label
23.280155,5.338622,0,0,1
-7.8749633,-13.694649,0,0,1
23.703175,5.589133,0,0,1
23.142546,5.3396363,0,0,1
5.5716405,-1.1869937,0,0,1
3.1359682,5.846622,0,0,0
23.521496,5.4324126,0,0,1
3.1875796,5.8971066,0,0,0
-7.951036,-13.7707405,0,0,1
-7.8889184,-13.707164,0,0,1
-9.797331,22.680574,0,0,0
-2.395767,-3.2644382,0,0,0
-10.042636,22.905558,0,0,0
1.3464224,-6.595862,0,1,0
22.593657,6.0105453,0,0,1
0.43621328,-4.8210034,0,0,0
-2.9122014,-2.5462072,0,0,0
23.698055,5.6668124,0,0,1
2.3692875,-4.9518394,0,0,0
-10.713694,22.633972,0,0,0
0.2921744,0.8010053,0,0,0
-16.292921,-3.3988411,0,0,0
8.396995,28.353756,0,0,0
-10.615621,-1.4185916,0,0,0
23.871153,6.3328958,0,0,1
-1.3511697,-5.1912675,0,1,0
-3.8329074,11.788804,0,0,2
-3.8065484,11.816904,0,0,2
6.311441,15.151586,0,0,0
22.710377,5.3890862,0,0,1
8.890388,28.505836,0,0,0
8.915973,28.13844,0,0,0
1.0715963,-7.745186,0,0,0
4.417176,-4.6513352,0,0,0
-10.555751,22.52703,0,0,0
8.065199,-4.9574833,0,0,0
-2.862465,-2.5873408,0,0,0
10.380037,2.1065927,0,0,0
-2.3103456,-2.893315,0,1,0
23.530603,5.517885,0,0,1
-1.7645082,-4.171624,0,0,0
-8.943023,-5.803378,0,0,0
-16.542912,-3.6214073,0,0,0
2.9370735,-3.7808669,0,0,0
8.858583,28.50068,0,0,0
1.0052469,-7.5012236,0,1,0
8.326777,28.304472,0,0,0
22.850399,5.3043447,0,0,1
0.67100996,-3.2349625,0,1,0
22.786135,5.3706336,0,0,1
22.466959,6.605236,0,0,1
1.8582715,-2.6730514,0,0,0
-9.748239,22.734093,0,0,0
0.5606821,-4.361416,0,1,0
-5.8355827,3.798601,0,0,0
0.99940777,-4.4948,0,1,0
5.58223,-1.1755654,0,0,1
-0.6114333,-3.4324403,0,0,0
23.224718,5.3043833,0,0,1
-10.215377,22.480272,0,0,0
-1.8791245,-3.2438147,0,1,0
-5.8316956,3.7946234,0,0,0
-1.8537021,-4.387371,0,0,0
-16.565346,-3.5997386,0,0,0
5.5730696,-1.185366,0,0,1
-1.3357513,-3.819909,0,1,0
-10.58611,22.60453,0,0,0
0.45230868,-4.84647,0,0,0
-16.374935,-3.17693,0,0,0
-1.6192584,-3.8956907,0,1,0
-8.899091,-5.778515,0,0,0
-9.823942,22.343042,0,0,0
-8.009939,-5.2883368,0,0,0
-23.605278,6.563531,0,0,0
-16.568632,-3.5388741,0,0,0
-16.086575,-3.3440158,0,1,0
-5.874201,3.8377974,0,0,0
-23.506796,6.5703654,0,0,0
2.2278218,-5.0083537,0,0,0
8.432628,28.425463,0,0,0
1.3122141,-6.6761255,0,0,0
-16.268953,-3.3740137,0,0,0
2.350444,-5.031186,0,0,0
-11.001705,-1.721206,0,0,0
-4.335982,10.747436,0,0,0
23.646212,6.547471,0,0,1
-10.55722,22.633835,0,0,0
-10.922507,-1.6097791,0,0,0
23.871038,5.9096913,0,0,1
-2.704415,1.6061188,0,0,0
-16.621134,-3.591639,0,0,0
-1.7307587,-3.2992191,0,1,0
-10.4533615,22.254305,0,0,0
23.392189,6.83004,0,0,1
-3.7654107,11.857067,0,0,2
23.368122,5.685515,0,0,1
-23.552467,6.5314145,0,0,0
-10.5966425,-1.579727,0,0,0
6.2749224,15.176686,0,0,0
-23.783678,6.8071465,0,0,0
-10.138593,22.780657,0,0,0
-7.912128,-13.731848,0,0,1
8.444555,-5.2717533,0,0,0
23.95936,6.1338863,0,0,1
2.3508415,-4.7886677,0,0,0
-10.2182255,23.070631,0,0,0
1.276816,-7.961653,0,0,0
-8.923216,-5.7636695,0,0,0
-1.5118035,-1.7332425,0,0,0
-1.9675654,-2.9020357,0,0,0
0.45114765,-3.3363986,0,0,0
-2.0125504,-2.9701054,0,1,0
-2.1063678,-3.5803578,0,1,0
23.735643,5.8959565,0,0,1
-10.567321,22.441927,0,0,0
-9.809524,-1.4080982,0,0,0
-10.056081,23.145063,0,0,0
-1.9289805,-3.996464,0,1,0
-10.198656,22.193216,0,0,0
0.6498054,1.3212388,0,0,2
-23.710932,6.5295587,0,0,0
1.3393546,-6.6637096,0,0,0
4.4578786,-4.661652,0,0,0
-23.738516,6.548228,0,0,0
2.389287,-4.3760552,0,0,0
-16.531412,-3.6587057,0,0,0
-2.71004,1.6089462,0,0,0
5.560893,-1.1978433,0,0,1
-1.5821841,-4.3056846,0,0,0
-1.272961,-5.22814,0,0,0
8.602739,28.004686,0,0,0
2.1449065,-3.5969644,0,0,0
8.5883255,28.504162,0,0,0
1.3597164,0.3542873,0,0,0
1.1167098,-7.799966,0,0,0
-2.7214968,1.6200554,0,0,0
-8.83021,-5.785354,0,0,0
8.111158,-4.9899745,0,0,0
-1.5882915,-4.1522713,0,1,0
1.7662435,-3.9009163,0,0,0
4.5339217,-4.7261143,0,0,0
8.578827,28.131685,0,0,0
-10.312445,22.579275,0,0,0
4.2178802,-4.6374474,0,0,0
-7.9078712,-13.727543,0,0,1
1.2848376,-7.943927,0,0,0
-10.440427,22.255428,0,0,0
8.423645,28.38071,0,0,0
3.4644206,-4.571185,0,0,0
0.2771849,0.82396543,0,0,0
10.238428,2.0275066,0,0,0
-10.288126,22.323328,0,0,0
-23.47566,6.8406267,0,0,0
-4.422875,10.688969,0,0,0
-8.183776,13.850993,0,0,2
23.625582,5.935526,0,0,1
2.299377,-4.538922,0,0,0
-1.4147316,-1.7450868,0,0,0
-1.4044188,-4.935534,0,1,0
1.9551785,-2.8417213,0,0,0
-9.82542,22.714933,0,0,0
3.155085,5.8658214,0,0,0
1.929897,-2.9936254,0,1,0
-4.4010835,10.649789,0,0,0
-9.808057,-1.3944454,0,0,0
-7.8356833,-5.2481422,0,0,0
-8.903991,-5.7519555,0,0,0
-10.221491,23.10689,0,0,0
1.1649269,-3.8713627,0,0,0
6.3582,15.085759,0,0,0
-1.416187,-3.89288,0,1,0
1.1158484,-7.780667,0,0,0
22.43332,5.640981,0,0,1
-8.108664,13.572957,0,0,0
-10.545469,23.02894,0,0,0
-9.870654,22.584002,0,0,0
23.865509,5.753954,0,0,1
23.213497,5.533617,0,0,1
-1.7935045,-4.1687746,0,0,0
-16.091452,-3.299992,0,0,0
-10.116801,22.214426,0,0,0
8.408896,28.086441,0,0,0
-10.956674,-1.6914204,0,0,0
22.782013,5.5542293,0,0,1
1.3403932,0.35856533,0,0,0
-9.712094,22.848001,0,0,0
1.9889886,-3.256554,0,0,0
-7.896945,-13.716584,0,0,1
8.679168,28.217531,0,0,0
2.914748,-3.7697127,0,0,0
-1.2701262,-5.2200313,0,0,0
-1.2866943,-5.20069,0,0,0
-1.9246635,-3.7713625,0,1,0
-2.8840263,-2.5863993,0,1,0
3.3753746,-4.451829,0,0,0
-23.492304,6.796473,0,0,0
0.53055036,1.0268415,0,0,0
-10.384808,22.947739,0,0,0
0.8410326,-4.0728545,0,0,0
0.82197464,-4.797923,0,1,0
-0.6624471,-3.4947076,0,0,0
-10.878677,-1.5378767,0,0,0
22.43527,6.114069,0,0,1
-23.641533,6.6104994,0,0,0
8.675124,28.163088,0,0,0
23.720652,6.0066214,0,0,1
0.44868505,-4.8067164,0,0,0
-7.936329,-13.756021,0,0,1
8.964167,28.522936,0,0,0
3.1593082,5.869286,0,0,0
6.3726377,15.078849,0,0,0
-23.669754,6.678254,0,0,0
-1.6556696,-4.2637963,0,0,0
-1.535315,-1.7108811,0,0,0
-16.686432,-3.6464152,0,0,0
23.696594,6.5168986,0,0,1
23.438513,5.69693,0,0,1
8.793411,28.546116,0,0,0
8.391141,28.317392,0,0,0
-9.875694,22.863432,0,0,0
2.408642,-4.9438853,0,0,0
23.354252,5.443249,0,0,1
4.465711,-4.596891,0,0,0
2.3399117,-4.243306,0,0,0
4.4535728,-4.653774,0,0,0
1.6465102,-3.9421797,0,0,0
2.9378312,-3.7600038,0,0,0
22.497253,5.6689124,0,0,1
1.0449178,-7.285747,0,1,0
8.455105,-5.264873,0,0,0
6.405756,15.046298,0,0,0
-23.71503,6.7116237,0,0,0
1.8630519,-2.7508907,0,1,0
22.671877,5.504538,0,0,1
23.14679,5.3609548,0,0,1
4.5297318,-4.6999173,0,0,0
1.6858561,-4.25064,0,0,0
-9.995223,22.836617,0,0,0
0.64572316,1.3303082,0,0,1
-1.9133811,-3.5340054,0,1,0
2.7220092,-3.7893875,0,0,2
2.144593,-3.1810355,0,1,0
22.996618,5.410676,0,0,1
-7.879842,-5.2312264,0,0,0
8.64098,28.522568,0,0,0
22.99111,6.3705144,0,0,1
22.88587,5.517298,0,0,1
23.111778,5.455397,0,0,1
-9.951352,22.850245,0,0,0
4.367711,-4.6331425,0,0,0
-23.654236,6.7544084,0,0,0
-23.550795,6.771678,0,0,0
23.061823,6.49764,0,0,1
-10.242962,22.884974,0,0,0
23.52274,6.2251744,0,0,1
-10.318415,22.919807,0,0,0
-5.8883777,3.8520722,0,0,0
3.0184,-12.328159,0,0,2
-1.4175102,-1.713334,0,0,0
-8.138887,13.749431,0,0,2
1.1357099,-7.615865,0,0,0
4.490252,-4.6604075,0,0,0
-10.359942,23.076689,0,0,0
8.402263,28.34987,0,0,0
-3.7839406,11.839947,0,0,2
23.138481,5.5343986,0,0,1
-23.07487,6.7656345,0,0,0
-9.914734,22.993557,0,0,0
-5.9051414,3.868956,0,0,0
-1.9958233,-3.8330905,0,1,0
22.471004,6.45207,0,0,1
0.34721506,-4.7808323,0,1,0
1.8911791,-3.1928945,0,1,0
-10.745884,-1.530231,0,0,0
1.2023746,-6.3812914,0,1,0
-23.63129,6.674892,0,0,0
22.99246,5.4904575,0,0,1
2.4285555,-4.385457,0,0,0
-2.3028936,-2.8717055,0,1,0
2.213011,-3.5978959,0,0,0
23.134838,6.4541564,0,0,1
3.0806718,-12.390646,0,0,2
3.0304577,-12.340003,0,0,2
-10.89876,-1.6723595,0,0,0
8.356989,28.18046,0,0,0
22.666334,5.7404876,0,0,1
-2.8628135,-2.5928864,0,0,0
-5.833374,3.7963095,0,0,0
4.401065,-4.6312447,0,0,0
-8.8581705,-5.7490325,0,0,0
-9.626689,-1.2574387,0,0,0
-10.269233,22.962934,0,0,0
2.9204295,-3.768833,0,0,0
8.394899,-5.250085,0,0,0
-1.7699181,-4.343263,0,0,0
-1.6082563,-4.3088326,0,0,0
23.423832,6.292774,0,0,1
8.705195,28.562342,0,0,0
2.4332821,-3.427717,0,1,2
-10.8895645,-1.6671126,0,0,0
-10.4393425,23.180698,0,0,0
1.305974,-7.9920974,0,0,0
0.7135005,-3.9356003,0,0,0
23.14536,5.392531,0,0,1
23.307577,6.2210793,0,0,1
23.025286,5.9414425,0,0,1
23.30372,5.7390523,0,0,1
22.685951,6.8016253,0,0,1
-10.053218,22.961452,0,0,0
23.266558,6.342025,0,0,1
-10.997006,-1.6860936,0,0,0
0.25398877,-3.1629717,0,0,0
-10.332207,23.134867,0,0,0
8.400386,-5.307618,0,0,0
23.139307,6.8037343,0,0,1
3.0427573,-12.35258,0,0,2
6.503559,14.954826,0,0,0
1.090077,0.42426476,0,0,0
-23.57587,6.693759,0,0,0
3.167784,5.8781123,0,0,0
3.4816875,-4.5739393,0,0,0
-9.980299,22.902905,0,0,0
3.449657,-4.486782,0,0,0
-10.6973505,-1.4384121,0,0,0
-10.860721,-1.5587012,0,0,0
3.1375375,5.8478174,0,0,0
8.50682,28.266708,0,0,0
-1.6752623,-4.4164796,0,0,0
1.3532487,0.33239755,0,1,0
2.3973365,-4.998287,0,0,0
0.4045005,0.9082973,0,0,0
1.3048397,-7.9895926,0,0,0
1.3929688,0.30869576,0,1,0
-1.9194535,-3.9468613,0,1,0
-2.6750112,1.5749557,0,0,0
22.751701,6.063941,0,0,1
-7.9035974,-13.723144,0,0,1
-1.2844397,-5.2294273,0,0,0
23.127771,5.530578,0,0,1
-7.8858314,-5.236101,0,0,0
-3.7950284,11.827487,0,0,2
3.0610652,-12.370869,0,0,2
3.0291514,-12.33901,0,0,2
-16.538095,-3.594657,0,0,0
3.4704814,17.226336,0,0,2
0.64516735,1.3405241,0,0,0
0.48303398,-4.766907,0,0,0
22.72101,5.68008,0,0,1
-8.733431,-5.7161465,0,0,0
-23.647673,6.6552114,0,0,0
-10.438698,22.986351,0,0,0
-8.264012,13.761411,0,0,2
-10.047556,22.73061,0,0,0
-10.072999,22.947065,0,0,0
8.51024,28.474117,0,0,0
-1.2895314,-5.199435,0,0,0
0.8098389,-4.640927,0,1,0
8.437742,28.430609,0,0,0
0.32504588,0.81046826,0,0,0
8.407375,-5.256127,0,0,0
8.962612,28.443848,0,0,0
6.4223356,15.034148,0,0,0
8.849659,28.480497,0,0,0
2.4925723,-4.9282665,0,0,0
3.4637616,17.240332,0,0,2
22.692646,5.691651,0,0,1
22.987318,6.3267026,0,0,1
-1.7594934,-4.309656,0,1,0
2.2535121,-3.6406295,0,0,0
-8.876014,-5.7282205,0,0,0
-1.2390633,-3.9600785,0,0,0
0.4132684,-4.8476167,0,0,0
-10.944837,-1.6799779,0,0,0
22.96817,5.9832344,0,0,1
8.442633,-5.29754,0,0,0
1.3287379,-6.7002916,0,0,0
2.4268813,-4.947819,0,0,0
8.529591,28.588547,0,0,0
-1.3793546,-3.8322766,0,1,0
-10.434213,22.867237,0,0,0
-10.155838,23.036303,0,0,0
23.151264,5.675161,0,0,1
-2.4190915,-3.243715,0,0,0
22.49179,6.200161,0,0,1
-2.8846092,-2.5740361,0,0,0
-4.399988,10.652672,0,0,0
-16.26325,-3.3389897,0,0,0
22.678444,6.349716,0,0,1
23.158182,6.081637,0,0,1
8.501787,28.415102,0,0,0
0.18601297,0.72810453,0,0,0
10.332627,2.0867355,0,0,0
23.02694,6.1715245,0,0,1
2.659818,-4.0356436,0,0,0
-16.645437,-3.5465405,0,0,0
22.967016,5.844639,0,0,1
1.3023642,-7.9846277,0,0,0
-3.769172,11.852131,0,0,2
0.4695427,-4.7921886,0,0,0
-0.6370295,-3.4726186,0,0,0
-10.901116,-1.6161776,0,0,0
22.675032,5.9426894,0,0,1
-7.937976,-13.755616,0,0,1
-10.231178,22.93072,0,0,0
1.0929208,-7.7252855,0,0,0
22.6585,6.0698013,0,0,1
5.593586,-1.1651871,0,0,1
-10.163723,22.821852,0,0,0
1.92444,-2.8043737,0,0,0
22.617798,6.0540533,0,0,1
-7.9476814,-13.767365,0,0,1
22.81226,6.03063,0,0,1
22.873161,5.900103,0,0,1
4.4075694,-4.615679,0,0,0
-1.4887588,-1.8328551,0,0,0
-1.4926252,-4.035007,0,1,0
-2.4027734,-3.2592509,0,0,0
6.367546,15.084737,0,0,0
23.732916,5.8435273,0,0,1
22.737267,5.8493075,0,0,1
0.4858846,-4.7786393,0,0,0
-10.367751,23.092724,0,0,0
3.2189765,5.9294715,0,0,0
-10.185978,22.682358,0,0,0
-23.722963,6.782189,0,0,0
8.8654175,28.137388,0,0,0
0.3012402,0.80282575,0,0,0
-10.019941,22.887629,0,0,0
-23.7,6.601247,0,0,0
6.4203086,14.942164,0,0,0
8.582547,28.542366,0,0,0
-16.589088,-3.610111,0,0,0
-1.9360688,-3.9426603,0,1,0
-4.347934,10.732025,0,0,0
2.454737,-4.703665,0,0,0
22.61284,5.9856257,0,0,1
0.3959107,-4.792309,0,1,0
8.80902,28.39148,0,0,0
8.617877,28.409714,0,0,0
22.627996,6.092954,0,0,1
-10.069846,22.236464,0,0,0
-8.17021,13.649939,0,0,2
-4.1583743,11.08784,0,1,2
2.1561635,-4.4677,0,0,0
3.225865,5.9360957,0,0,0
1.3445083,0.3569235,0,0,0
5.571481,-1.1872544,0,0,1
22.829126,6.402631,0,0,1
3.1588328,5.869119,0,0,0
22.769749,5.788411,0,0,1
-10.138553,22.901144,0,0,0
22.850616,6.0181394,0,0,1
22.589497,6.195929,0,0,1
6.49113,14.940297,0,0,0
1.3257983,0.3722772,0,0,0
0.800133,-4.592654,0,0,0
-23.685778,6.6725283,0,0,0
22.80604,6.3219013,0,0,1
-10.504135,22.51725,0,0,0
22.681116,5.969713,0,0,1
3.017587,5.699094,0,1,0
-10.282039,23.019547,0,0,0
22.741894,6.1568694,0,0,1
4.464379,-4.670921,0,0,0
-1.2618617,-5.2320404,0,0,0
-1.4754708,-1.7735299,0,0,0
-10.1946945,23.086164,0,0,0
0.4853864,-4.7824183,0,0,0
-16.283829,-3.3890193,0,0,0
6.2814,15.174883,0,0,0
7.948141,-4.7880206,0,0,1
22.4596,6.2726674,0,0,1
-23.711855,6.576343,0,0,0
-8.275668,13.8698,0,0,2
1.8305776,-2.7640603,0,0,1
22.724632,5.740003,0,0,1
22.668472,6.2413,0,0,1
-8.348609,13.858911,0,0,0
0.10744142,-3.0698817,0,0,0
1.3494003,0.35605624,0,0,0
3.43399,-4.573341,0,0,0
-10.866864,-1.5473742,0,0,0
-4.3567142,10.708597,0,0,0
22.736403,6.120022,0,0,1
4.483333,-4.6172004,0,0,0
-10.508327,-1.3148233,0,0,0
-8.268546,13.818382,0,0,2
22.681868,6.367604,0,0,1
-7.9413137,-13.761023,0,0,1
22.95824,6.20307,0,0,1
-23.635809,6.657499,0,0,0
3.1820204,5.892514,0,0,0
8.649748,28.2815,0,0,0
-1.4883456,-3.7847292,0,1,0
3.165608,5.8830457,0,0,0
3.1364074,5.8466735,0,0,0
6.495848,14.951191,0,0,0
6.4001226,15.056875,0,0,0
-16.578648,-3.5226128,0,0,0
2.7261255,-4.347304,0,0,0
3.185099,5.8951907,1,0,0
-10.240853,22.826298,1,0,0
8.668018,28.036913,1,0,0
8.80407,28.363327,1,0,0
22.74196,6.1899385,1,0,1
-9.970643,22.899641,1,0,0
-1.2671069,-5.029173,1,0,0
-10.180939,22.74998,1,0,0
-3.75077,11.871217,1,0,2
-3.7933717,11.829204,1,0,2
22.7765,6.385152,1,0,1
-23.512093,6.7907686,1,0,0
1.2613224,-7.9446883,1,0,0
8.851187,28.31381,1,0,0
-8.187438,13.821259,1,0,2
-10.25096,23.044123,1,0,0
22.737719,6.228164,1,0,1
-7.892265,-5.238092,1,0,0
8.708469,28.560892,1,0,0
22.93726,6.6277714,1,0,1
22.508892,6.3759136,1,0,1
22.591091,6.1047173,1,0,1
22.665464,6.3020988,1,0,1
-10.157163,22.971369,1,0,0
-1.2787436,-5.204849,1,0,0
1.8416476,-2.7721593,1,0,1
2.4212139,-4.979359,1,0,0
-3.7843816,11.839052,1,0,2
22.54191,6.21613,1,0,1
-10.639505,-1.4088509,1,0,0
2.400023,-4.9858685,1,0,0
-8.274758,13.8642,1,0,2
22.728304,6.3665695,1,0,1
-10.894934,-1.6583353,1,0,0
-10.91233,-1.601402,1,0,0
0.41969705,-4.8245883,1,0,0
-10.00291,22.990921,1,0,0
2.4130664,-3.8935833,1,0,2
22.710052,6.460246,1,0,1
22.53016,6.362068,1,0,1
-10.120378,23.121496,1,0,0
22.741959,6.1846156,1,0,1
-1.6272228,-4.192845,1,0,0
22.657698,6.2011204,1,0,1
-8.941697,-5.718954,1,0,0
22.781914,6.267515,1,0,1
3.1883993,5.897604,1,0,0
-10.596577,-1.3812575,1,0,0
8.441789,-5.297989,1,0,0
-10.338184,22.776857,1,0,0
-8.133193,-5.3580766,1,0,0
22.616323,6.258118,1,0,1
22.576887,6.489074,1,0,1
-10.410507,22.91201,1,0,0
-1.4644806,-1.7695606,1,0,0
1.0697479,0.4252254,1,0,1
22.751116,6.548967,1,0,1
8.35726,-5.3534427,1,0,0
10.331763,2.05364,1,0,0
1.1081635,-7.7820916,1,0,0
22.847742,6.4133625,1,0,1
6.3133087,15.141158,1,0,0
8.69173,28.468243,1,0,0
3.0630772,16.952831,1,0,2
22.915995,6.4617786,1,0,1
4.4723883,-4.6910324,1,0,0
-10.169884,22.843042,1,0,0
-8.191517,13.790972,1,0,2
1.862485,-2.8832774,1,0,0
22.829086,6.54057,1,0,1
-23.581844,6.759402,1,0,0
8.278545,-5.098671,1,0,0
8.478169,28.37805,1,0,0
22.925888,6.3843627,1,0,1
5.612045,-1.1473294,1,0,1
-10.073538,22.569801,1,0,0
-3.581931,12.029076,1,0,2
-3.7351444,11.8874655,1,0,2
-10.584724,22.94366,1,0,0
8.351341,-5.182262,1,0,0
-16.612446,-3.5506089,1,0,0
23.085405,6.493971,1,0,1
5.5924373,-1.1665062,1,0,1
-10.851264,-1.5976523,1,0,0
22.728153,6.301551,1,0,1
22.83676,6.462879,1,0,1
-10.286356,22.942587,1,0,0
0.43196607,-4.8152003,1,0,0
-10.425557,-1.2810266,1,0,0
1.0443665,-7.5264983,1,0,0
-10.492372,22.665257,1,0,0
1.0889828,-7.7606173,1,0,0
-1.5433427,-3.8506172,1,1,0
22.839216,6.2853317,1,0,1
8.572744,28.527042,1,0,0
22.764774,6.4347453,1,0,1
22.679377,6.6020265,1,0,1
9.649021,9.8037195,1,0,0
22.730433,6.5626273,1,0,1
-4.429275,10.713424,1,0,0
8.607408,28.317743,1,0,0
-8.905455,-5.7996,1,0,0
-8.225981,13.799842,1,0,2
-3.7248864,11.894267,1,0,2
-10.869378,-1.5812837,1,0,0
1.359945,0.36865726,1,0,0
2.4611628,-4.890383,1,0,0
-10.933964,-1.6585442,1,0,0
22.71471,6.5227075,1,0,1
4.3574047,-4.5647335,1,1,0
0.17675595,-3.071181,1,1,0
-7.86077,-13.680475,1,0,1
22.977703,6.580546,1,0,1
-2.8546755,-2.630117,1,1,0
-9.862079,22.27671,1,0,0
22.819996,6.627307,1,0,1
3.163259,5.8728313,1,0,0
-5.8295536,3.7926311,1,0,0
23.056156,6.62052,1,0,1
3.8624167,-4.6940827,1,0,0
-10.166283,22.90499,1,0,0
22.7921,6.4265437,1,0,1
-10.927623,-1.6224296,1,0,0
-0.648329,-3.4784505,1,0,0
8.423553,28.434006,1,0,0
23.042345,6.725847,1,0,1
-1.939467,-2.927331,1,0,0
-8.162117,13.755137,1,0,2
23.06096,6.811411,1,0,1
-1.7860985,-4.207899,1,0,0
-1.7182024,-4.0419674,1,0,0
23.024565,6.697902,1,0,1
22.9539,6.6987886,1,0,1
3.482234,17.258781,1,0,2
23.01317,6.453576,1,0,1
-3.7810874,11.84079,1,0,2
22.97162,6.6258245,1,0,1
22.897976,6.6473465,1,0,1
1.3061924,-7.9859962,1,0,0
-0.9381661,-3.85078,1,1,0
22.870794,6.717815,1,0,1
-10.469209,22.70622,1,0,0
-10.142506,22.661137,1,0,0
0.4298616,-4.831797,1,0,0
-10.210197,22.716026,1,0,0
-8.845164,-5.7104425,1,0,0
23.055952,6.6492887,1,0,1
0.11983781,-3.0476503,1,0,0
23.102547,6.66662,1,0,1
22.81134,6.7538576,1,0,1
1.8518357,-2.754799,1,0,0
-9.919982,22.513647,1,0,0
-8.222237,13.812295,1,0,2
3.1584525,5.868869,1,0,0
2.1123374,-3.2738223,1,1,0
22.985199,6.760841,1,0,1
-8.219243,13.833744,1,0,2
23.172205,6.5336366,1,0,1
23.74358,6.501464,1,0,1
23.226315,6.7153525,1,0,1
1.6701691,-2.7369044,1,0,0
-8.676164,-5.86469,1,0,0
-23.110611,6.765914,1,0,0
4.458631,-4.6377616,1,0,0
-2.3909934,-3.1898098,1,0,0
23.260508,6.786083,1,0,1
2.4181228,-3.3667917,1,2,2
22.958664,6.6153893,1,0,1
-10.976166,-1.5808885,1,0,0
10.206054,1.9944562,1,0,0
8.694224,28.406588,1,0,0
0.3998195,-4.858937,1,1,0
0.33382654,0.79202235,1,0,0
-7.8871427,-5.237103,1,0,0
23.513523,6.6608896,1,0,1
23.68136,6.783512,1,0,1
23.412865,6.4776616,1,0,1
-10.328086,22.608744,1,0,0
0.30751485,0.818442,1,0,0
-3.6742032,11.943856,1,0,2
6.3200874,15.131152,1,0,0
2.406647,-3.912597,1,0,2
-8.244138,13.675335,1,0,2
-2.4200068,-3.3082097,1,0,0
23.190363,6.656083,1,0,1
2.442889,-3.447529,1,0,2
0.27106482,0.8186671,1,0,0
23.091951,6.453205,1,0,1
23.254436,6.6267366,1,0,1
1.2722207,-7.9565578,1,0,0
8.781746,28.32645,1,0,0
23.512794,6.7102685,1,0,1
4.507028,-4.6601467,1,0,0
2.7321656,-3.8666673,1,0,0
23.05892,6.5292583,1,0,1
23.471703,6.6813965,1,0,1
8.644982,28.228567,1,0,0
23.543947,6.5513415,1,0,1
23.598116,6.3287506,1,0,1
3.3661857,17.148472,1,0,2
23.19591,6.4516125,1,0,1
-10.902633,-1.6227372,1,0,0
0.2846058,0.8353716,1,0,0
-1.4103811,-1.8524272,1,0,0
-2.6887832,1.589301,1,0,0
-8.240198,13.82028,1,0,2
-8.156409,13.776896,1,0,2
3.4328492,17.24145,1,0,2
8.414727,-5.2734194,1,0,0
-3.7680929,11.854427,1,0,2
3.437562,17.218922,1,0,2
-10.840529,-1.6102105,1,0,0
23.327682,6.5051126,1,0,1
23.373709,6.446293,1,0,1
23.726395,6.228374,1,0,1
-10.81095,-1.6195457,1,0,0
3.5268698,17.268057,1,1,2
1.7974354,-3.946602,1,0,0
2.4286866,-4.9667234,1,0,0
23.327784,6.4658933,1,0,1
23.381935,6.582854,1,0,1
-7.9313183,-5.274539,1,0,0
1.4657464,-4.635652,1,0,0
-2.862591,-2.5607474,1,0,0
-8.2452965,13.767452,1,0,2
23.373823,6.6968737,1,0,1
1.3056686,-7.9894447,1,0,0
-7.9342537,-13.754036,1,0,1
0.47694528,-4.7375674,1,1,0
8.430595,-5.284489,1,0,0
-8.737843,-5.775902,1,0,0
-1.4482975,-1.7435547,1,0,0
9.001908,28.423294,1,0,0
23.209122,6.604466,1,0,1
23.651598,6.515252,1,0,1
3.0966234,-3.1986756,1,0,2
-10.4720955,22.886078,1,0,0
23.756866,6.244248,1,0,1
-0.008927091,-3.1104152,1,0,0
-10.933728,-1.6278461,1,0,0
-10.368896,22.823198,1,0,0
0.11590064,-3.0367563,1,0,0
-9.572318,-1.2237846,1,1,0
-3.5996122,12.012455,1,0,2
3.0512176,16.941683,1,0,2
3.2773297,17.106672,1,0,2
-7.8922234,-5.227874,1,0,0
8.400236,-5.3183966,1,0,0
-1.3518602,-2.2081592,1,0,0
-8.851095,-5.6899548,1,0,0
23.490705,6.51044,1,0,1
23.491383,6.609379,1,0,1
23.450134,6.5807652,1,0,1
-1.561576,-4.0986557,1,1,0
1.1914593,-7.8747168,1,0,0
-23.532646,6.7723274,1,0,0
23.37826,6.6627593,1,0,1
-23.484852,6.8432355,1,0,0
23.568598,5.7731366,1,0,1
23.58091,6.3901834,1,0,1
8.427721,-5.2890825,1,0,0
3.187352,5.8970017,1,0,0
-10.746052,-1.7860563,1,0,0
23.469923,6.6551876,1,0,1
8.507866,28.50649,1,0,0
23.760736,6.048522,1,0,1
23.867754,6.4104366,1,0,1
2.378906,-5.087754,1,0,0
23.881647,5.9110236,1,0,1
23.55928,6.386847,1,0,1
8.443705,-5.272817,1,0,0
-1.2701721,-5.212247,1,0,0
8.805753,28.220358,1,0,0
23.840445,6.1593003,1,0,1
-9.767986,-1.3747736,1,0,0
-3.584499,12.026654,1,0,2
-10.24696,22.628222,1,0,0
23.894402,6.3647413,1,0,1
0.085495174,-3.059637,1,0,0
-10.0148,22.777458,1,0,0
23.753063,6.264307,1,0,1
0.29255462,0.81534046,1,0,0
23.838078,5.8581343,1,0,1
-10.658328,-1.4201547,1,0,0
1.1277375,-7.796979,1,0,0
-1.6012284,-4.27458,1,0,0
1.5663184,-4.6242414,1,0,0
-10.424758,22.7733,1,0,0
23.896044,6.0208726,1,0,1
0.30904272,0.8330417,1,0,0
-8.206312,13.812086,1,0,2
23.631836,6.3259673,1,0,1
-10.302818,22.708641,1,0,0
-1.9003828,-4.023041,1,0,0
23.556637,6.3436737,1,0,1
23.803238,5.744995,1,0,1
23.628994,5.8775377,1,0,1
-10.680895,-1.4271226,1,0,0
23.60654,5.668502,1,0,1
-8.9172325,-5.7347536,1,0,0
2.2719786,-5.0093603,1,0,0
-1.2755456,-5.2281013,1,0,0
2.334156,-4.3261104,1,0,0
23.642366,5.961747,1,0,1
23.52945,6.092905,1,0,1
-10.462649,22.54411,1,0,0
-3.566364,12.044779,1,0,2
23.655836,6.15514,1,0,1
8.466125,28.328476,1,0,0
23.352486,5.5015135,1,0,1
-8.162513,13.7893,1,0,2
-9.926474,22.344675,1,0,0
-7.914832,-13.734539,1,0,1
23.386288,5.661024,1,0,1
-10.563111,22.78531,1,0,0
6.329933,15.121787,1,0,0
23.492653,5.803068,1,0,1
-10.358799,22.78245,1,0,0
23.494318,5.7009454,1,0,1
10.291293,2.0332532,1,0,0
0.36170962,0.92814523,1,0,0
23.527006,5.9920897,1,0,1
22.773245,6.0019975,1,0,1
3.4245124,-4.599451,1,0,0
-23.71365,6.567873,1,0,0
22.898815,6.2620935,1,0,1
-8.765418,-5.802162,1,0,0
3.0792844,-3.1844518,1,0,2
-8.15388,13.818891,1,0,2
3.0198245,16.916113,1,0,2
3.2408273,5.9511046,1,0,0
-10.366062,22.83536,1,0,0
22.86987,5.699646,1,0,1
2.573228,-4.3670993,1,0,0
-23.56596,6.5821495,1,0,0
22.96011,5.671334,1,0,1
-10.494519,22.669678,1,0,0
-9.7725725,-1.3695296,1,0,0
0.24866539,0.7902872,1,0,0
-10.84745,-1.5755414,1,0,0
22.92208,5.767326,1,0,1
22.886415,5.7939463,1,0,1
-5.8296037,3.7925422,1,0,0
-10.876598,-1.6002834,1,0,0
-0.63904774,-3.4783897,1,0,0
8.51969,-5.361944,1,0,0
-10.337643,22.770672,1,0,0
22.894775,5.691864,1,0,1
8.382479,-5.240037,1,0,0
-10.4762745,22.889801,1,0,0
4.4112034,-4.628374,1,0,0
-10.844464,-1.6173894,1,0,0
23.297817,5.959485,1,0,1
23.33552,5.734176,1,0,1
-23.597822,6.7030044,1,0,0
6.363971,15.087483,1,0,0
-23.666235,6.6188645,1,0,0
23.210941,5.606818,1,0,1
-1.0331595,-5.039093,1,1,0
22.974653,5.757828,1,0,1
3.1023965,16.994076,1,0,2
-1.4690529,-4.481271,1,0,0
-1.8368609,-3.828719,1,1,0
-10.64488,-1.4142252,1,0,0
-10.395332,22.604033,1,0,0
-10.310898,22.761509,1,0,0
1.2270108,-7.939734,1,0,0
-10.199118,22.490644,1,0,0
8.59474,28.446445,1,0,0
23.359346,6.3860383,1,0,1
1.296888,-7.9782553,1,0,0
23.329279,6.323248,1,0,1
-10.479413,22.635984,1,0,0
-10.329624,22.529781,1,0,0
1.867421,-3.1215756,1,1,0
23.380514,6.3279095,1,0,1
8.968839,28.182486,1,0,0
23.458094,6.176609,1,0,1
23.260992,5.8620377,1,0,1
1.350102,0.35985956,1,0,0
3.0543053,16.944345,1,0,2
23.250994,6.072053,1,0,1
3.0575264,16.951324,1,0,2
2.4193215,-4.9252896,1,0,0
-16.555311,-3.5805924,1,0,0
-7.91339,-13.73302,1,0,1
-2.327693,-3.4209845,1,0,0
3.092995,-3.1688178,1,1,2
-10.324713,22.696232,1,0,0
6.273771,15.155889,1,0,0
-10.874415,-1.5818764,1,0,0
23.040684,6.243307,1,0,1
23.125177,6.330087,1,0,1
2.319294,-4.5687356,1,0,0
-23.102741,6.757839,1,0,0
8.535554,28.197306,1,0,0
-8.285976,13.840779,1,0,2
23.47465,6.1910458,1,0,1
-16.60437,-3.5867474,1,0,0
6.2976203,15.153891,1,0,0
-3.5733314,12.037736,1,0,2
-23.643616,6.679812,1,0,0
-10.855902,-1.6003102,1,0,0
5.5915427,-1.1676306,1,0,1
-7.909791,-5.244688,1,0,0
-3.5549414,12.027846,1,0,2
3.169683,5.8802404,1,0,0
23.307032,6.185995,1,0,1
4.495377,-4.6695957,1,0,0
1.0631754,-7.678645,1,0,0
23.225935,6.368288,1,0,1
23.06467,6.196998,1,0,1
-10.845206,-1.574342,1,0,0
-10.290149,22.78977,1,0,0
23.197094,6.1125817,1,0,1
-8.1703,13.773131,1,0,2
-2.2479079,-3.5083916,1,1,0
1.2078372,-7.8946114,1,0,0
-10.851864,-1.5779941,1,0,0
-10.355276,22.48345,1,0,0
3.046034,-3.1570623,1,0,2
8.429119,-5.272151,1,0,0
23.324978,6.1046124,1,0,1
4.432055,-4.6892414,1,0,0
-3.7618961,11.860754,1,0,2
-8.886622,-5.7789745,1,0,0
2.5013657,-4.8946614,1,0,0
23.13607,6.126352,1,0,1
8.688498,28.113409,1,0,0
23.306023,6.27124,1,0,1
0.59072095,-4.7929945,1,0,0
23.125063,6.1851797,1,0,1
-1.7511644,-4.102564,1,0,0
23.287544,6.1952577,1,0,1
8.473475,28.465706,1,0,0
23.12241,6.1433806,1,0,1
-10.404172,22.522167,1,0,0
3.4488218,17.228954,1,0,2
-10.920923,-1.6470237,1,0,0
8.2454605,-5.138523,1,0,0
2.395671,-4.980362,1,0,0
0.6125656,1.2508098,1,1,0
0.60096884,-4.6636777,1,0,0
3.101673,16.992302,1,0,2
8.868266,28.058916,1,0,0
-8.216426,13.802596,1,0,2
3.0733838,-3.1798325,1,0,2
-8.187622,13.799167,1,0,2
-10.967999,-1.7062563,1,0,0
23.071333,6.1125593,1,0,1
0.32083094,0.83074325,1,0,0
1.1582999,-7.830323,1,0,0
9.6490135,9.803716,1,0,0
-4.4049063,10.655773,1,0,0
-8.2364855,13.760445,1,0,2
23.358612,6.256001,1,0,1
3.4655573,17.242945,1,0,2
-8.925705,-5.7290883,1,0,0
0.40835378,-4.816076,1,1,0
-10.385306,22.446928,1,0,0
9.649011,9.803717,1,0,0
-1.3356435,-4.372267,1,0,0
1.8454224,-2.7493114,1,0,1
3.0846694,16.974022,1,0,2
23.191345,6.182563,1,0,1
-8.883537,-5.7572403,1,0,0
-10.9182,-1.6412283,1,0,0
23.280699,6.297668,1,0,1
23.171556,6.0160303,1,0,1
23.457159,6.072816,1,0,1
1.1956712,-7.8758802,1,0,0
-3.7605739,11.861405,1,0,2
8.634538,28.411509,1,0,0
8.387266,-5.246436,1,0,0
-1.6023576,-4.3175454,1,0,0
-8.801565,-5.709075,1,0,0
-8.223833,13.804461,1,0,2
2.4069602,-4.8977523,1,0,0
-23.483227,6.7940726,1,0,0
-8.876947,-5.7197385,1,0,0
-10.389267,22.78521,1,0,0
0.25388885,-3.140904,1,0,0
-0.9346377,-3.7417061,1,1,0
23.213913,6.081397,1,0,1
-10.876141,-1.5943463,1,0,0
8.4337,-5.280427,1,0,0
23.322596,6.2041063,1,0,1
-8.148937,13.7477455,1,0,2
3.1963916,5.907312,1,0,0
23.188894,6.0626245,1,0,1
-9.600283,-1.2467831,1,1,0
-1.2116123,-2.4846094,1,1,0
-1.445382,-1.7724016,1,0,0
-8.166663,13.75902,1,0,2
-3.7782753,11.845032,1,0,2
23.245392,6.2637544,1,0,1
-10.902758,-1.6288108,1,0,0
23.152016,6.243446,1,0,1
23.352371,6.209185,1,0,1
-10.531279,22.591997,1,0,0
-2.8858616,-2.5735726,2,0,0
2.8668609,-3.2905953,2,0,2
3.2080364,5.9165826,2,0,0
10.263208,2.0651872,2,0,0
6.456692,14.997506,2,0,0
10.247539,2.0395675,2,0,0
0.68382496,-3.9308083,2,0,0
-16.628294,-3.5628822,2,0,0
-23.62242,6.704499,2,0,0
-10.159238,22.58548,2,0,0
9.648975,9.803717,2,0,0
8.692486,28.307732,2,0,0
10.250551,2.0433872,2,0,0
3.4472075,17.228134,2,0,2
-10.157617,22.433147,2,0,0
2.7077663,-3.9927838,2,0,0
-10.329667,22.744131,2,0,0
3.0661924,-12.375829,2,0,2
-10.277549,22.463268,2,0,0
-10.318367,22.438162,2,0,0
10.368312,2.1517086,2,0,0
-10.960717,-1.678194,2,0,0
-8.089251,13.654001,2,0,2
23.284554,6.2364087,2,0,1
23.037437,6.1127152,2,0,1
8.620241,28.304482,2,0,0
4.382821,-4.5873604,2,0,0
8.598871,28.421043,2,0,0
-9.96036,22.462605,2,0,0
23.2005,6.1729894,2,0,1
23.215004,6.0786343,2,0,1
23.212545,6.106641,2,0,1
-23.522308,6.7992187,2,0,0
-23.65973,6.6087203,2,0,0
8.681448,28.306211,2,0,0
-10.385723,22.520998,2,0,0
10.302276,2.0956252,2,0,0
2.1541822,-3.2308552,2,1,0
2.534696,-3.2697818,2,1,0
3.190827,5.897292,2,0,0
23.25413,6.08367,2,0,1
8.797211,28.447657,2,0,0
2.0972474,-3.7256596,2,0,0
3.03171,16.932169,2,0,2
-16.609535,-3.5019317,2,0,0
23.243586,6.155776,2,0,1
-2.7071013,1.608167,2,0,0
23.186466,6.0399384,2,0,1
2.7353735,-3.268947,2,0,2
-10.392268,22.92023,2,0,0
23.181908,6.131183,2,0,1
2.438845,-4.3984785,2,0,0
0.1135085,-3.0495648,2,0,0
8.60917,28.18293,2,0,0
23.346037,6.092283,2,0,1
-10.096605,22.623552,2,0,0
-5.8174973,3.7803998,2,0,0
-23.26668,6.778212,2,0,0
-10.237893,22.311043,2,0,0
-1.9503832,-2.9238656,2,0,0
8.619851,28.25625,2,0,0
2.1989453,-3.4343495,2,1,0
4.498681,-4.6772647,2,0,0
8.695232,28.382473,2,0,0
5.5882297,-1.1710405,2,0,1
-10.089895,22.540842,2,0,0
-5.8060756,3.7636192,2,0,0
8.82624,28.378342,2,0,0
3.4551303,17.233587,2,0,2
-2.7019334,1.6031595,2,0,0
23.305141,6.144993,2,0,1
-16.581894,-3.5377421,2,0,0
-7.9135876,-13.733237,2,0,1
3.0339036,-4.556752,2,0,0
-16.476183,-3.5519116,2,0,0
-8.917936,-5.7506485,2,0,0
-9.905465,22.675707,2,0,0
-4.36844,10.696573,2,0,0
8.525481,27.98206,2,0,0
1.8910084,-3.9934735,2,0,0
-23.61435,6.628912,2,0,0
23.264019,6.1246996,2,0,1
-10.056321,22.480877,2,0,0
1.4199207,-4.6194906,2,0,0
-10.311237,22.427816,2,0,0
-10.289859,22.698334,2,0,0
8.730928,28.161171,2,0,0
8.6971,28.390505,2,0,0
8.562579,28.55247,2,0,0
-16.27975,-3.37438,2,0,0
3.202967,5.9131575,2,0,0
8.472456,28.217371,2,0,0
2.4260151,-4.3604813,2,0,1
8.778334,28.244896,2,0,0
6.413565,15.039687,2,0,0
-10.228267,22.353998,2,0,0
-7.8956285,-13.715205,2,0,1
-8.911287,-5.7305765,2,0,0
-4.402478,10.647177,2,0,0
5.611396,-1.1479988,2,0,1
23.182884,6.1284146,2,0,1
-8.213759,13.785733,2,0,2
-7.928565,-13.748223,2,0,1
-10.244867,22.641779,2,0,0
-23.664711,6.615295,2,0,0
10.240514,2.0693324,2,0,0
0.11245485,-3.0453231,2,0,0
23.204197,5.9601154,2,0,1
2.6506076,-4.0573277,2,0,0
3.0315223,-12.341352,2,0,2
8.7857,28.448576,2,0,0
3.4871664,17.263983,2,0,2
5.6035867,-1.155016,2,0,1
3.4517825,17.233912,2,0,2
8.826353,28.460098,2,0,0
8.723827,28.382887,2,0,0
-8.924924,-5.739688,2,0,0
23.223333,6.0193706,2,0,1
23.173784,6.0778723,2,0,1
23.094032,6.050863,2,0,1
8.859917,28.39987,2,0,0
6.4680624,14.982567,2,0,0
23.251823,6.0567746,2,0,1
3.0061707,16.90594,2,0,2
23.28857,6.2031465,2,0,1
9.649001,9.80372,2,0,0
8.82089,28.229153,2,0,0
23.18148,6.1981916,2,0,1
-23.652822,6.670759,2,0,0
1.9456836,-4.101252,2,0,0
8.830286,28.26886,2,0,0
3.0370562,-12.346355,2,0,2
23.215788,6.09201,2,0,1
-16.569796,-3.5350533,2,0,0
-10.191967,22.863474,2,0,0
8.849002,28.534185,2,0,0
8.4900675,28.373444,2,0,0
-4.4410925,10.629308,2,0,0
-1.2923576,-5.200568,2,0,0
1.2715912,-4.007542,2,0,0
-10.244289,22.476906,2,0,0
6.4777145,14.989277,2,0,0
5.607869,-1.1514219,2,0,1
8.517365,28.174774,2,0,0
-1.3821871,-4.305335,2,0,0
2.694602,-4.446577,2,0,0
3.022986,16.920427,2,0,2
-2.8917022,-2.5691183,2,0,0
-2.6849585,-2.6399992,2,1,0
1.9267801,-3.3821533,2,0,0
6.440366,15.0066185,2,0,0
-10.081185,22.523254,2,0,0
1.2982643,-7.982844,2,0,0
23.048443,6.257221,2,0,1
-10.168644,22.478058,2,0,0
23.379307,6.00451,2,0,1
10.273704,2.049932,2,0,0
23.356682,5.909415,2,0,1
-10.105384,22.50289,2,0,0
-10.179344,22.600088,2,0,0
-10.240145,22.65481,2,0,0
3.0504727,-12.359799,2,0,2
-10.219054,22.546911,2,0,0
23.117779,6.141165,2,0,1
8.399769,-5.234924,2,0,0
-2.4059918,-3.3038938,2,0,0
3.0306368,-12.340297,2,0,2
2.384349,-4.037842,2,0,0
8.6048565,28.21478,2,0,0
-4.390687,10.673908,2,0,0
-1.4690377,-1.8033986,2,0,0
1.872566,-2.7547376,2,0,0
23.16013,6.102644,2,0,1
-10.315663,22.652317,2,0,0
8.762486,28.33422,2,0,0
-23.631937,6.644294,2,0,0
-8.221606,13.801414,2,0,2
8.709079,28.211555,2,0,0
2.9024608,16.778439,2,0,2
-23.698141,6.603913,2,0,0
0.6894793,-3.9459965,2,0,0
3.024261,16.923998,2,0,2
1.1583,-7.8229585,2,0,0
-1.7420874,-3.498076,2,1,0
23.090403,5.9502416,2,0,1
2.1613295,-4.4558573,2,0,0
-16.616016,-3.5536788,2,0,0
23.21729,5.9828954,2,0,1
-23.63194,6.67868,2,0,0
-10.129661,22.423899,2,0,0
3.0937784,16.987309,2,0,2
8.535965,28.453318,2,0,0
8.691076,28.285368,2,0,0
3.4415753,17.252865,2,0,2
-23.6346,6.6168137,2,0,0
-23.667088,6.6409283,2,0,0
23.207304,6.020105,2,0,1
0.32974312,0.84217703,2,0,0
-10.038682,22.413406,2,0,0
-8.843452,-5.728599,2,0,0
23.119717,5.7937207,2,0,1
8.730328,28.202686,2,0,0
3.2391114,17.084803,2,0,2
4.5085635,-4.659606,2,0,0
23.243546,5.8969035,2,0,1
8.577759,28.498703,2,0,0
2.407344,-4.343624,2,0,0
8.10993,-4.9969587,2,0,0
-4.4306874,10.634736,2,0,0
1.9985484,-2.9741757,2,1,0
8.415553,-5.2639456,2,0,0
8.418068,28.235207,2,0,0
-10.086609,22.346888,2,0,0
-10.220376,22.58034,2,0,0
8.804834,28.115417,2,0,0
23.18013,5.9964323,2,0,1
-9.9888735,22.643854,2,0,0
-23.595161,6.639739,2,0,0
-16.615896,-3.565188,2,0,0
-8.772009,-5.77285,2,0,0
23.178644,5.902116,2,0,1
8.719476,28.221642,2,0,0
-23.614277,6.6890607,2,0,0
8.82613,28.247595,2,0,0
2.2976804,-3.201863,2,2,0
-1.5322615,-4.335893,2,0,0
23.154842,5.9693356,2,0,1
-1.4678937,-3.9982674,2,1,0
23.007029,6.027197,2,0,1
4.4247875,-4.657067,2,0,0
3.2039416,-4.253721,2,1,0
-10.012264,22.529123,2,0,0
1.7553853,-3.983593,2,0,0
23.14644,5.981044,2,0,1
10.262195,2.0820217,2,0,0
6.4548893,15.029238,2,0,0
-10.019191,22.617195,2,0,0
-16.65077,-3.5216222,2,0,0
1.5869151,-4.6257873,2,0,0
-9.877305,22.641644,2,0,0
-2.681513,1.5824503,2,0,0
-1.4624774,-1.7706811,2,0,0
-23.533953,6.796388,2,0,0
23.006609,5.900415,2,0,1
-10.111007,22.797411,2,0,0
8.449508,-5.30644,2,0,0
3.0485165,-12.357781,2,0,2
23.115715,5.8649383,2,0,1
3.0888336,16.979483,2,0,2
2.749128,-3.2428896,2,0,2
10.343748,2.046327,2,0,0
1.7647233,-4.0058203,2,0,0
8.774975,28.442253,2,0,0
-8.818158,-5.772154,2,0,0
1.2575835,-7.9414964,2,0,0
-10.048582,22.515139,2,0,0
23.07471,5.947011,2,0,1
1.8742895,-2.7547352,2,0,0
2.7548914,-3.2342002,2,0,2
23.137291,5.8882647,2,0,1
10.267053,2.099418,2,0,0
23.001356,5.745706,2,0,1
10.337641,2.157852,2,0,0
23.082785,6.053159,2,0,1
-9.910652,22.70974,2,0,0
23.19114,5.989526,2,0,1
23.041721,5.908908,2,0,1
8.935827,28.388582,2,0,0
23.057686,5.8121734,2,0,1
2.6066136,-3.390548,2,1,2
8.151489,-5.020395,2,1,0
23.011524,5.787506,2,0,1
3.4340916,17.255398,2,0,2
23.111347,5.9547925,2,0,1
-9.859443,22.85815,2,0,0
2.641373,-4.071989,2,0,0
3.0788808,16.96694,2,0,2
-9.827279,22.59621,2,0,0
-7.8926706,-5.2372236,2,0,0
23.098433,5.969808,2,0,1
-4.3565063,10.712063,2,0,0
2.6367652,-3.533642,2,0,2
-1.4661227,-1.7842796,2,0,0
-5.8735194,3.837107,2,0,0
23.053963,5.9578476,2,0,1
8.619481,28.21589,2,0,0
-8.920805,-5.760311,2,0,0
8.749814,28.31724,2,0,0
-1.4626747,-1.7690004,2,0,0
8.838618,28.189001,2,0,0
-4.4402266,10.60773,2,1,0
8.816834,28.296335,2,0,0
10.250085,2.035329,2,0,0
-10.772925,-1.4652046,2,0,0
3.4432049,17.227169,2,0,2
-10.101654,22.82541,2,0,0
8.780089,28.447006,2,0,0
2.3857813,-4.5438967,2,0,0
23.072998,5.700539,2,0,1
1.2996588,-7.983199,2,0,0
-4.3816667,10.672682,2,0,0
-10.201497,22.77384,2,0,0
-23.649336,6.663033,2,0,0
8.73677,28.320402,2,0,0
-23.61161,6.666966,2,0,0
1.1984985,-7.877664,2,0,0
-10.097614,22.552973,2,0,0
-10.03977,22.712639,2,0,0
-8.937651,-5.7901244,2,0,0
-2.8664634,-2.6014674,2,0,0
23.103321,5.8311887,2,0,1
-10.429935,22.467197,2,0,0
0.085641116,-3.03021,2,0,0
1.8893102,-3.1575575,2,1,0
-10.10031,22.741201,2,0,0
-10.03495,22.633156,2,0,0
-4.4462457,10.607496,2,0,0
23.000336,5.9312415,2,0,1
-23.555603,6.6988025,2,0,0
-2.6687555,1.5366825,2,0,0
22.977932,5.8579607,2,0,1
0.6835895,-3.997382,2,0,0
-10.104982,22.481035,2,0,0
-23.667175,6.627653,2,0,0
0.32769457,0.8199801,2,0,0
-10.020853,22.735914,2,0,0
8.772766,28.257444,2,0,0
2.630671,-4.9199243,2,0,0
23.05509,5.805844,2,0,1
-1.258973,-5.2486176,2,0,0
4.493995,-4.6686273,2,0,0
-0.53652644,-3.3711894,2,0,0
6.4653416,14.98235,2,0,0
9.649,9.803704,2,0,0
8.515809,28.301828,2,0,0
23.127453,5.7955813,2,0,1
8.72534,28.248873,2,0,0
23.097364,6.051665,2,0,1
22.90347,5.81573,2,0,1
22.925148,5.8223658,2,0,1
3.0572083,-4.301191,2,0,1
22.851301,5.7909927,2,0,1
1.7540643,-3.928639,2,0,0
-16.285818,-3.381061,2,0,0
-5.839685,3.8024871,2,0,0
3.006674,16.905842,2,0,2
2.7260847,-3.253922,2,0,2
22.8064,5.7954917,2,0,1
1.1182528,-7.795943,2,0,0
2.8383985,-3.860528,2,0,0
3.0460565,16.937057,2,0,2
10.236528,2.0243075,2,0,0
10.227152,2.0195637,2,0,0
-8.957916,-5.7149034,2,0,0
-9.979804,22.594313,2,0,0
22.971735,5.9051785,2,0,1
8.675298,28.23519,2,0,0
-4.380844,10.608559,2,0,0
3.0198078,-12.329106,2,0,2
-2.9085977,-2.5535452,2,0,1
1.8575073,-4.068652,2,0,0
-9.7970705,-1.3854829,2,0,0
-10.913019,-1.6369267,2,0,0
-1.4389845,-4.559113,2,0,0
3.1816902,5.8920445,2,0,0
-10.21735,22.608652,2,0,0
-10.6773615,-1.4186597,2,0,0
6.424349,15.01622,2,0,0
-10.011575,22.387182,2,0,0
10.276272,2.0740106,2,0,0
3.0717418,16.960789,2,0,2
23.007883,5.949275,2,0,1
2.715214,-3.2526367,2,0,2
22.801846,5.915656,2,0,1
22.876255,5.789634,2,0,1
1.1236111,0.40980974,2,1,0
4.455698,-4.671343,2,0,0
22.747646,5.7057595,2,0,1
22.701408,5.922965,2,0,1
10.31678,2.116255,2,0,0
-9.969354,22.57915,2,0,0
-2.8851376,-2.5740967,2,0,0
8.729509,28.258509,2,0,0
3.042383,-12.352065,2,0,2
-9.916377,22.67986,2,0,0
22.860815,5.7998085,2,0,1
-10.135048,22.586393,2,0,0
1.9298558,-3.40948,2,0,0
8.349031,-5.192772,2,0,0
1.7257627,-3.8019402,2,0,0
-23.562702,6.7014356,2,0,0
-23.519663,6.783748,2,0,0
-16.63278,-3.5801435,2,0,0
22.864538,5.8389297,2,0,1
10.321777,2.1062832,2,0,0
1.7587392,-3.9349127,2,0,0
-10.876724,-1.5947776,2,0,0
8.870668,28.253664,2,0,0
-10.031986,22.687328,2,0,0
22.74239,5.8717585,2,0,1
0.35292608,0.92772144,2,1,0
-23.668068,6.6569347,2,0,0
-9.9228,22.717508,2,0,0
8.852882,28.16218,2,0,0
-10.008225,22.745525,2,0,0
22.729889,5.81357,2,0,1
8.616168,28.24111,2,0,0
-9.856789,22.581999,2,0,0
22.748491,5.9244533,2,0,1
8.831286,28.312479,2,0,0
-7.9193687,-13.73886,2,0,1
-23.565311,6.6846056,2,0,0
-23.617971,6.6907067,2,0,0
0.101949535,-3.035749,2,0,0
8.621492,28.11652,2,0,0
-10.030877,22.596899,2,0,0
22.695831,5.864684,2,0,1
6.411402,15.042319,2,0,0
6.399089,15.05518,2,0,0
22.755941,5.7562904,2,0,1
2.9042652,16.763525,2,0,2
-10.108049,23.008865,2,0,0
3.3644269,-4.583845,2,0,0
3.4396617,-4.5814705,2,0,0
8.7003975,28.383965,2,0,0
8.481952,28.326252,2,0,0
-0.7245266,-3.6372457,2,1,0
-8.470342,-5.544434,2,0,0
1.2655643,-7.948966,2,0,0
-9.9433365,22.717192,2,0,0
-16.60975,-3.535848,2,0,0
22.711893,6.1734157,2,0,1
22.646507,6.056083,2,0,1
10.26968,2.0630422,2,0,0
8.733486,28.23522,2,0,0
22.648878,6.0349965,2,0,1
-23.63208,6.6678567,2,0,0
22.61655,5.9219995,2,0,1
10.290467,2.0874865,2,0,0
2.1615334,-3.4284961,2,1,0
-1.4787154,-1.7742047,2,0,0
22.700071,5.885219,2,0,1
-9.974264,22.623005,2,0,0
8.807002,28.278246,2,0,0
-7.922012,-13.741674,2,0,1
-16.606815,-3.5782998,2,0,0
10.317538,2.106826,2,0,0
22.531921,5.8578873,2,0,1
1.2172971,-7.897654,2,0,0
22.577517,6.0278754,2,0,1
-10.066626,22.678843,2,0,0
22.57977,5.990817,2,0,1
1.8579608,-4.0493526,2,0,0
6.3993316,15.054418,2,0,0
22.610207,6.0324097,2,0,1
8.541813,28.227406,2,0,0
-7.9060163,-13.725601,2,0,1
-10.008211,22.775036,2,0,0
-16.580719,-3.5947907,2,0,0
0.17002559,-3.0815902,2,0,0
-23.680555,6.6382604,2,0,0
10.317771,2.1115131,2,0,0
-9.903471,22.73127,2,0,0
-9.93843,22.821426,2,0,0
-5.8734417,3.8369417,2,0,0
-5.80176,3.7646673,2,0,0
-16.562279,-3.5681045,2,0,0
-9.844151,22.71374,2,0,0
8.441922,-5.286481,2,0,0
10.310824,2.160144,2,0,0
-16.63826,-3.5953581,2,0,0
-8.928919,-5.7750654,2,0,0
-1.9952096,-3.1038218,2,1,0
-1.4099802,-4.3058734,2,0,1
8.587789,28.19588,2,0,0
-9.992317,22.85364,2,0,0
0.1325259,-3.0650933,2,0,0
22.644917,5.9706216,2,0,1
-16.563671,-3.5530195,2,0,0
22.625055,6.0962305,2,0,1
1.2759603,-7.6978664,2,0,0
-9.95151,22.767157,2,0,0
10.294594,2.0846167,2,0,0
10.322163,2.1123993,2,0,0
6.444816,15.0142765,2,0,0
-16.601866,-3.5588684,2,0,0
-16.616213,-3.579476,2,0,0
-2.7054558,1.6055545,2,0,0
6.4259896,15.028513,2,0,0
0.7035719,-3.933655,2,0,0
-9.965193,22.798466,2,0,0
-1.2725875,-5.212844,2,0,0
2.8923213,-4.5278153,2,0,0
22.663692,5.979047,2,0,1
10.282339,2.0913644,2,0,0
-8.154121,13.839547,2,0,2
10.303375,2.11209,2,0,0
0.6543339,0.63351274,2,0,0
-10.1721,23.000744,2,0,0
3.0459874,-12.355703,2,0,2
