func,bins,range,generation_time,embedding_dim,classifier,train_accuracy,accuracy,f1_score,auc,train_time,harm_bins,harm_range,pol_bins,pol_range,biharm_bins,biharm_range
harmonic,100.0,14.61,2806.5075330734253,100,SVM (RBF),0.5675115889140941,0.3463687150837989,0.32740026147773627,0.799063132531869,58.983131885528564,,,,,,
harmonic,100.0,14.61,2806.5075330734253,100,Random Forest,0.9996054837755203,0.4474860335195531,0.4304067066047462,0.8534348152564321,5.514380693435669,,,,,,
harmonic,100.0,14.61,2806.5075330734253,100,MLP,0.46345793470756486,0.39273743016759777,0.3931100318629307,0.8144997821041936,9.94603157043457,,,,,,
harmonic,200.0,14.61,2830.718424320221,200,SVM (RBF),0.6199822467698984,0.346927374301676,0.32888082637262034,0.79089193649382,116.05932426452637,,,,,,
harmonic,200.0,14.61,2830.718424320221,200,Random Forest,0.9993095966071605,0.4435754189944134,0.4231839992609486,0.8527749067541596,6.783774137496948,,,,,,
harmonic,200.0,14.61,2830.718424320221,200,MLP,0.5977907091429135,0.36703910614525137,0.36337294411811516,0.7864467396957279,15.601073980331421,,,,,,
harmonic,500.0,14.61,2804.818237066269,500,SVM (RBF),0.6962225071506065,0.3525139664804469,0.3343203978848927,0.7782071983240612,302.7954533100128,,,,,,
harmonic,500.0,14.61,2804.818237066269,500,Random Forest,0.9968438702041621,0.4569832402234637,0.43634959140805274,0.848730542147041,9.102148056030273,,,,,,
harmonic,500.0,14.61,2804.818237066269,500,MLP,0.611796035111944,0.36983240223463687,0.34659813839554643,0.7702126820550076,16.390591144561768,,,,,,
polynomial,100.0,3.48,2809.7462763786316,100,SVM (RBF),0.4431403491468587,0.37988826815642457,0.34290519816123816,0.8191269566391506,54.22135090827942,,,,,,
polynomial,100.0,3.48,2809.7462763786316,100,Random Forest,0.9999013709438801,0.4324022346368715,0.4037182891807425,0.8461033227201513,3.514064311981201,,,,,,
polynomial,100.0,3.48,2809.7462763786316,100,MLP,0.43860341256534174,0.40782122905027934,0.3812638230033228,0.8348036001167756,11.693326473236084,,,,,,
polynomial,200.0,3.48,2805.35977268219,200,SVM (RBF),0.4797317289673538,0.39385474860335196,0.36155250004112843,0.8250690227572424,108.44488620758057,,,,,,
polynomial,200.0,3.48,2805.35977268219,200,Random Forest,0.9991123384949206,0.441340782122905,0.4084622093020749,0.847915332665833,4.39176344871521,,,,,,
polynomial,200.0,3.48,2805.35977268219,200,MLP,0.46681132261564257,0.423463687150838,0.3935711136784215,0.8439037484072974,14.502186059951782,,,,,,
polynomial,500.0,3.48,2804.140475511551,500,SVM (RBF),0.5390077916954334,0.3776536312849162,0.35319308276490363,0.8202208317481725,279.97120475769043,,,,,,
polynomial,500.0,3.48,2804.140475511551,500,Random Forest,0.9971397573725219,0.4430167597765363,0.4130161337192278,0.8440830250768528,5.987168788909912,,,,,,
polynomial,500.0,3.48,2804.140475511551,500,MLP,0.5064602031758556,0.40558659217877097,0.3776667990637998,0.8331224993032815,19.4701247215271,,,,,,
biharmonic,100.0,500.0,2863.0814576148987,100,SVM (RBF),0.5413748890423119,0.2759776536312849,0.24886135789867758,0.7306284698625398,70.9155821800232,,,,,,
biharmonic,100.0,500.0,2863.0814576148987,100,Random Forest,0.9987178222704409,0.3770949720670391,0.3568505229673045,0.8148545869011456,5.223546981811523,,,,,,
biharmonic,100.0,500.0,2863.0814576148987,100,MLP,0.599960548377552,0.32793296089385476,0.3167002206988231,0.7414365728884229,17.971423149108887,,,,,,
biharmonic,200.0,500.0,2820.2040779590607,200,SVM (RBF),0.5900976427655588,0.28044692737430166,0.25232702902274934,0.7272987447701283,135.27761268615723,,,,,,
biharmonic,200.0,500.0,2820.2040779590607,200,Random Forest,0.9971397573725219,0.40614525139664803,0.3840347418510674,0.8327674592717282,6.085498094558716,,,,,,
biharmonic,200.0,500.0,2820.2040779590607,200,MLP,0.6242232961830555,0.32793296089385476,0.30857540666322786,0.732336172123226,19.626872539520264,,,,,,
biharmonic,500.0,500.0,2799.0206599235535,500,SVM (RBF),0.6571654009271132,0.2782122905027933,0.2494282111667447,0.7186874549119681,335.141254901886,,,,,,
biharmonic,500.0,500.0,2799.0206599235535,500,Random Forest,0.9968438702041621,0.40670391061452515,0.38598119014404253,0.8348300181472738,8.143525838851929,,,,,,
biharmonic,500.0,500.0,2799.0206599235535,500,MLP,0.4824933425387119,0.29329608938547486,0.26210676300921926,0.7381359261093952,12.151835441589355,,,,,,
naive_hybrid,,,,1000,SVM (RBF),0.7018443633494428,0.3787709497206704,0.3637225803865973,0.8091855175742515,574.802996635437,500.0,14.61,500.0,3.48,,
naive_hybrid,,,,1000,Random Forest,0.9973370154847618,0.4558659217877095,0.4365069129386684,0.8552619938955557,10.641006469726562,500.0,14.61,500.0,3.48,,
naive_hybrid,,,,1000,MLP,0.6192918433770589,0.3871508379888268,0.35852957991375317,0.7860715489579768,29.3651864528656,500.0,14.61,500.0,3.48,,
biharmonic_hybrid,,,,1000,SVM (RBF),0.7068744452115593,0.3564245810055866,0.3379532034763348,0.7988472894966231,604.9208583831787,,,500.0,3.48,500.0,500.0
biharmonic_hybrid,,,,1000,Random Forest,0.9978301607653615,0.4569832402234637,0.43222891297128546,0.8548220335300488,10.092769384384155,,,500.0,3.48,500.0,500.0
biharmonic_hybrid,,,,1000,MLP,0.6429628168458428,0.3916201117318436,0.36971812876930343,0.7819136049141914,29.20005965232849,,,500.0,3.48,500.0,500.0
