func,bins,range,embedding_dim,generation_time,classifier,train_accuracy,accuracy,f1_score,auc,train_time
harmonic,200,14.61,200,4670.655557870865,SVM (RBF),0.6199822467698984,0.346927374301676,0.32888082637262034,0.79089193649382,127.94556546211243
harmonic,200,14.61,200,4670.655557870865,Random Forest,0.9993095966071605,0.4435754189944134,0.4231839992609486,0.8527749067541596,7.385226726531982
harmonic,200,14.61,200,4670.655557870865,MLP,0.5977907091429135,0.36703910614525137,0.36337294411811516,0.7864467396957279,24.227874994277954
harmonic,500,14.61,500,4872.001818418503,SVM (RBF),0.6962225071506065,0.3525139664804469,0.3343203978848927,0.7782071983240612,302.48270177841187
harmonic,500,14.61,500,4872.001818418503,Random Forest,0.9968438702041621,0.4569832402234637,0.43634959140805274,0.848730542147041,9.611366033554077
harmonic,500,14.61,500,4872.001818418503,MLP,0.611796035111944,0.36983240223463687,0.34659813839554643,0.7702126820550076,16.900012254714966
polynomial,200,3.48,200,4394.650748729706,SVM (RBF),0.4797317289673538,0.39385474860335196,0.36155250004112843,0.8250690227572424,107.26353001594543
polynomial,200,3.48,200,4394.650748729706,Random Forest,0.9991123384949206,0.441340782122905,0.4084622093020749,0.847915332665833,4.378053188323975
polynomial,200,3.48,200,4394.650748729706,MLP,0.46681132261564257,0.423463687150838,0.3935711136784215,0.8439037484072974,15.046198844909668
polynomial,500,3.48,500,4010.395414352417,SVM (RBF),0.5390077916954334,0.3776536312849162,0.35319308276490363,0.8202208317481725,278.83136105537415
polynomial,500,3.48,500,4010.395414352417,Random Forest,0.9971397573725219,0.4430167597765363,0.4130161337192278,0.8440830250768528,5.920810699462891
polynomial,500,3.48,500,4010.395414352417,MLP,0.5064602031758556,0.40558659217877097,0.3776667990637998,0.8331224993032815,19.15933084487915
biharmonic,200,500.0,200,3916.364768266678,SVM (RBF),0.5900976427655588,0.28044692737430166,0.25232702902274934,0.7272987447701283,132.5081446170807
biharmonic,200,500.0,200,3916.364768266678,Random Forest,0.9971397573725219,0.40614525139664803,0.3840347418510674,0.8327674592717282,6.099031925201416
biharmonic,200,500.0,200,3916.364768266678,MLP,0.6242232961830555,0.32793296089385476,0.30857540666322786,0.732336172123226,20.09810185432434
biharmonic,500,500.0,500,3911.645054578781,SVM (RBF),0.6571654009271132,0.2782122905027933,0.2494282111667447,0.7186874549119681,343.77689123153687
biharmonic,500,500.0,500,3911.645054578781,Random Forest,0.9968438702041621,0.40670391061452515,0.38598119014404253,0.8348300181472738,8.212413549423218
biharmonic,500,500.0,500,3911.645054578781,MLP,0.4824933425387119,0.29329608938547486,0.26210676300921926,0.7381359261093952,11.78629207611084
